train/num_tokens,train/mean_token_accuracy,train/epoch,train/grad_norm,train/learning_rate,_step,train/loss,train/entropy,train/global_step,_runtime,_timestamp
95588.0,0.6996965274214745,0.0016,0.8323865532875061,3.6e-05,0,1.4251,0.8902662843465805,10,18.408839247,1764936314.5949593
191487.0,0.7096699759364128,0.0032,0.32158875465393066,7.6e-05,1,1.228,1.0324958384037017,20,35.626950656,1764936331.8130202
750241.0,0.7793702438473702,0.0128,0.2171238213777542,0.0001997675350701403,7,0.8003,0.8221631934866309,80,138.30635157,1764936434.4923863
836460.0,0.7866535261273384,0.0144,0.19275975227355957,0.00019968737474949903,8,0.7546,0.7790322743356228,90,155.039952132,1764936451.226091
928589.0,0.7790045700967312,0.016,0.20173491537570953,0.00019960721442885773,9,0.8183,0.8148218773305416,100,172.171810205,1764936468.357811
1126377.0,0.7889131367206573,0.0192,0.18970444798469543,0.00019944689378757516,11,0.7299,0.7588770370930433,120,207.293618677,1764936503.479605
1397355.0,0.7757950715720654,0.024,0.20910023152828217,0.00019920641282565133,14,0.8191,0.8212794229388237,150,258.413906325,1764936554.6000164
1586623.0,0.7909773364663124,0.0272,0.2351464033126831,0.00019904609218436873,16,0.7357,0.7635736782103777,170,293.230449743,1764936589.4165633
2604929.0,0.8065341904759407,0.0448,0.24761568009853363,0.00019816432865731466,27,0.681,0.7248866565525531,280,483.503203843,1764936779.689465
2699659.0,0.781270157545805,0.0464,0.1784212291240692,0.00019808416833667336,28,0.7747,0.796849462762475,290,500.687991866,1764936796.8741207
2883477.0,0.777688542753458,0.0496,0.21361027657985687,0.0001979238476953908,30,0.7919,0.8198222953826189,310,534.447330287,1764936830.6334994
2979919.0,0.7907468989491463,0.0512,0.24642202258110046,0.0001978436873747495,31,0.7455,0.757119693979621,320,551.664348124,1764936847.8504965
3156362.0,0.7969330877065659,0.0544,0.18938010931015015,0.00019768336673346696,33,0.713,0.7419897008687257,340,585.156391552,1764936881.342517
3886709.0,0.7884846821427345,0.0672,0.18335339426994324,0.0001970420841683367,41,0.7208,0.7587800115346909,420,721.357127605,1764937017.5433795
3979701.0,0.7913376159965992,0.0688,0.22231422364711761,0.0001969619238476954,42,0.7512,0.7760195817798377,430,738.190593181,1764937034.376693
4066620.0,0.7755122937262058,0.0704,0.17198733985424042,0.00019688176352705412,43,0.8146,0.793935464322567,440,755.150310046,1764937051.3364043
4156524.0,0.7906577602028847,0.072,0.17925508320331573,0.00019680160320641283,44,0.7323,0.7464721774682402,450,772.215449663,1764937068.401556
4250733.0,0.7773370884358883,0.0736,0.20111805200576782,0.00019672144288577156,45,0.8055,0.8231250824406743,460,789.290550353,1764937085.4765503
4341947.0,0.7910229466855526,0.0752,0.18128542602062225,0.0001966412825651303,46,0.7453,0.7594799850136041,470,805.973987041,1764937102.160119
4432985.0,0.7853697799146175,0.0768,0.19978387653827667,0.000196561122244489,47,0.7739,0.7737362582236529,480,823.472585166,1764937119.6587484
4526400.0,0.7781338706612587,0.0784,0.2144242227077484,0.0001964809619238477,48,0.7944,0.811377077922225,490,840.337673057,1764937136.5238113
4893087.0,0.7830307319760322,0.0848,0.17629681527614594,0.0001961603206412826,52,0.7797,0.8018917836248874,530,907.456136843,1764937203.6420443
5085383.0,0.7837280675768852,0.088,0.18159334361553192,0.000196,54,0.767,0.7808231752365827,550,941.604831207,1764937237.7911017
5175257.0,0.7837723441421985,0.0896,0.18686015903949738,0.00019591983967935872,55,0.7747,0.7858928494155407,560,957.975554691,1764937254.161773
5450505.0,0.7883419878780842,0.0944,0.19474472105503082,0.0001956793587174349,58,0.7606,0.7775415409356355,590,1007.457313028,1764937303.6435323
5648880.0,0.785461314022541,0.0976,0.17722171545028687,0.0001955190380761523,60,0.7665,0.7713521208614111,610,1044.091756978,1764937340.277762
5741444.0,0.7859067164361477,0.0992,0.1694665104150772,0.00019543887775551105,61,0.7595,0.7823826670646667,620,1061.315589636,1764937357.50174
6009365.0,0.7808579050004483,0.104,0.23866987228393555,0.0001951983967935872,64,0.7966,0.7912052638828755,650,1111.951367282,1764937408.1375582
6286534.0,0.7983576722443104,0.1088,0.17316146194934845,0.00019495791583166335,67,0.7167,0.7246682420372963,680,1163.265481402,1764937459.4516015
6477376.0,0.7991643592715263,0.112,0.19630731642246246,0.00019479759519038076,69,0.7072,0.70198944658041,700,1198.187952639,1764937494.3740597
6848021.0,0.7842031136155129,0.1184,0.19912311434745789,0.00019447695390781565,73,0.7704,0.782348245382309,740,1266.870050272,1764937563.0561965
6936489.0,0.7887412078678608,0.12,0.22902101278305054,0.00019439679358717435,74,0.7475,0.7557999359443783,750,1284.226593695,1764937580.4128056
7135272.0,0.7964825160801411,0.1232,0.17668874561786652,0.0001942364729458918,76,0.7379,0.7556063001975417,770,1319.588304372,1764937615.7743614
7223780.0,0.7920599631965161,0.1248,0.2158220112323761,0.00019415631262525052,77,0.721,0.7352825716137886,780,1336.226610669,1764937632.4127138
7310798.0,0.7768796257674694,0.1264,0.20429229736328125,0.00019407615230460922,78,0.8171,0.8058705616742372,790,1352.991561115,1764937649.1777685
7778156.0,0.7808261781930923,0.1344,0.19257891178131104,0.00019367535070140282,83,0.7802,0.8190016698092222,840,1440.628612151,1764937736.8146338
7964769.0,0.7791566208004952,0.1376,0.20787248015403748,0.00019351503006012025,85,0.7834,0.7919597793370485,860,1474.536183026,1764937770.722241
8063995.0,0.796374860405922,0.1392,0.18996569514274597,0.00019343486973947898,86,0.7101,0.7243190743029118,870,1491.996547321,1764937788.1826985
8251717.0,0.7901262104511261,0.1424,0.167363703250885,0.0001932745490981964,88,0.7086,0.7534937789663673,890,1525.955819948,1764937822.1420693
8438116.0,0.806351476162672,0.1456,0.20757481455802917,0.00019311422845691382,90,0.6685,0.7012467106804252,910,1560.016778457,1764937856.2028992
8829501.0,0.7913178950548172,0.152,0.1910886913537979,0.0001927935871743487,94,0.7495,0.7648653615266084,950,1627.932937833,1764937924.1191585
8919758.0,0.7824441380798817,0.1536,0.22627565264701843,0.00019271342685370745,95,0.7508,0.7598880702629686,960,1644.623672462,1764937940.8098166
9264252.0,0.7894872792065144,0.16,0.21947018802165985,0.00019239278557114229,99,0.7323,0.7647062052041292,1000,1709.66055242,1764938005.8466687
9549965.0,0.8123522013425827,0.1648,0.16623272001743317,0.00019215230460921845,102,0.6785,0.6865839924663305,1030,1762.494622187,1764938058.6807442
9748182.0,0.7906990639865399,0.168,0.18650411069393158,0.00019199198396793588,104,0.7386,0.7454341765493154,1050,1797.359966775,1764938093.546112
9936103.0,0.7839527517557144,0.1712,0.21230509877204895,0.00019183166332665332,106,0.777,0.7849158566445112,1070,1831.700426082,1764938127.8865595
10111068.0,0.7854826271533966,0.1744,0.2298341542482376,0.00019167134268537075,108,0.7399,0.7652983359992505,1090,1864.767838524,1764938160.9540787
10197980.0,0.79211855083704,0.176,0.2371688336133957,0.00019159118236472945,109,0.7154,0.7677443712949753,1100,1881.567673361,1764938177.7538247
10465992.0,0.7956556394696236,0.1808,0.21204333007335663,0.00019135070140280562,112,0.7604,0.7471093390136957,1130,1932.374670427,1764938228.5606782
11015569.0,0.7842912390828133,0.1904,0.2577563524246216,0.00019086973947895792,118,0.7755,0.7964923311024904,1190,2035.460884048,1764938331.6469364
11106036.0,0.8019972808659077,0.192,0.22718071937561035,0.00019078957915831662,119,0.6876,0.7062969513237476,1200,2052.758420484,1764938348.9444156
11189764.0,0.7775050267577172,0.1936,0.26261013746261597,0.00019070941883767538,120,0.7919,0.7979270134121179,1210,2070.979180221,1764938367.1652973
11384555.0,0.7973034374415875,0.1968,0.2446201592683792,0.00019054909819639278,122,0.7017,0.7314281538128853,1230,2105.287821576,1764938401.4740236
11578436.0,0.8032891638576984,0.2,0.20584866404533386,0.00019038877755511022,124,0.6725,0.7094967510551214,1250,2139.874184122,1764938436.0604131
12424827.0,0.7954010114073753,0.2144,0.2667573392391205,0.00018966733466933868,133,0.7016,0.7456371005624532,1340,2295.645486052,1764938591.831642
12690097.0,0.79485072940588,0.2192,0.21899265050888062,0.00018942685370741485,136,0.7224,0.7221624165773392,1370,2345.703218284,1764938641.8893895
12776029.0,0.8108917273581028,0.2208,0.20373870432376862,0.00018934669338677355,137,0.6389,0.6866971801966428,1380,2362.408385034,1764938658.5944657
13229559.0,0.8002128951251507,0.2288,0.17876572906970978,0.00018894589178356715,142,0.6918,0.7220408458262682,1430,2447.664615613,1764938743.8507211
13325017.0,0.8037918359041214,0.2304,0.21608927845954895,0.00018886573146292585,143,0.7082,0.7108012586832047,1440,2464.920357638,1764938761.1066182
13697325.0,0.7983779855072498,0.2368,0.26666203141212463,0.00018854509018036072,147,0.7141,0.7325582280755043,1480,2532.280173644,1764938828.4662519
13872056.0,0.7880281068384647,0.24,0.18035052716732025,0.00018838476953907818,149,0.7493,0.7540701102465391,1500,2565.30133376,1764938861.4875097
13957328.0,0.7955259911715984,0.2416,0.25355514883995056,0.00018830460921843688,150,0.7153,0.7169045962393283,1510,2583.098142255,1764938879.2841787
14230912.0,0.8012889198958874,0.2464,0.21024268865585327,0.00018806412825651302,153,0.6744,0.7169698808342219,1540,2633.658497876,1764938929.8446786
14419941.0,0.7934544160962105,0.2496,0.2410500943660736,0.00018790380761523048,155,0.7232,0.742431877925992,1560,2668.362149869,1764938964.548238
14594199.0,0.7914033748209477,0.2528,0.2027439922094345,0.0001877434869739479,157,0.702,0.7520120978355408,1580,2701.690127569,1764938997.8763855
14776277.0,0.7980644769966603,0.256,0.25762274861335754,0.00018758316633266534,159,0.7276,0.7071389179676771,1600,2735.288793068,1764939031.4749794
14969741.0,0.7957226365804673,0.2592,0.2149018496274948,0.00018742284569138278,161,0.7204,0.7680451456457377,1620,2770.977453136,1764939067.1635668
15059589.0,0.8056386984884739,0.2608,0.19097360968589783,0.00018734268537074148,162,0.6559,0.7107918191701174,1630,2787.652055589,1764939083.8379095
15425571.0,0.794091472774744,0.2672,0.1986079066991806,0.00018702204408817637,166,0.72,0.7633576106280089,1670,2856.315246523,1764939152.5013213
15519200.0,0.7768903687596321,0.2688,0.2668457627296448,0.00018694188376753508,167,0.7767,0.7920789018273353,1680,2873.148572773,1764939169.334651
15718502.0,0.8002399057149887,0.272,0.23037973046302795,0.0001867815631262525,169,0.7007,0.7159174121916294,1700,2907.919536295,1764939204.105799
15810244.0,0.807381971180439,0.2736,0.19027650356292725,0.00018670140280561124,170,0.6731,0.6989285320043563,1710,2924.755745658,1764939220.9418707
15991335.0,0.7956984601914883,0.2768,0.23003894090652466,0.00018654108216432867,172,0.7168,0.7345880083739758,1730,2958.74281102,1764939254.9289281
16163392.0,0.8041894525289536,0.28,0.241196408867836,0.0001863807615230461,174,0.6613,0.7142203595489264,1750,2991.837467651,1764939288.023669
16333654.0,0.802558983117342,0.2832,0.2428637593984604,0.00018622044088176354,176,0.689,0.725940628349781,1770,3025.499213754,1764939321.685294
16429634.0,0.7971521995961666,0.2848,0.29686984419822693,0.00018614028056112224,177,0.7126,0.7156600702553988,1780,3042.471519136,1764939338.6576986
16721607.0,0.8024673029780388,0.2896,0.2242133766412735,0.0001858997995991984,180,0.7007,0.7071369208395482,1810,3096.102194946,1764939392.2882693
16900749.0,0.8032782971858978,0.2928,0.2008034586906433,0.00018573947895791584,182,0.691,0.7072280056774616,1830,3129.345311323,1764939425.531393
17190731.0,0.8001985877752305,0.2976,0.21558940410614014,0.000185498997995992,185,0.7192,0.6996209554374218,1860,3180.24009423,1764939476.4261975
17475378.0,0.8000567272305489,0.3024,0.214290589094162,0.00018525851703406814,188,0.7166,0.7096149802207947,1890,3231.194344854,1764939527.3805113
17656420.0,0.7890230134129524,0.3056,0.21698926389217377,0.00018509819639278557,190,0.7183,0.7368049927055835,1910,3264.870764845,1764939561.0568612
17932003.0,0.793036200851202,0.3104,0.19177310168743134,0.0001848577154308617,193,0.7374,0.7435173377394676,1940,3314.939973524,1764939611.1260703
18012256.0,0.7965771056711674,0.312,0.24602267146110535,0.00018477755511022047,194,0.71,0.7164517186582089,1950,3331.012427787,1764939627.1984956
18106945.0,0.7984171248972416,0.3136,0.1964259147644043,0.00018469739478957917,195,0.705,0.7308273658156395,1960,3347.981187384,1764939644.1671758
18386723.0,0.8049972578883171,0.3184,0.20916631817817688,0.0001844569138276553,198,0.6664,0.7043672384694218,1990,3398.81764641,1764939695.0037622
18646603.0,0.8090808838605881,0.3232,0.23857852816581726,0.00018421643286573147,201,0.6387,0.69349125623703,2020,3449.536564429,1764939745.7225473
18843093.0,0.8083903543651104,0.3264,0.21574659645557404,0.0001840561122244489,203,0.6836,0.6944482650607824,2040,3484.089387257,1764939780.2754
19111636.0,0.7915649734437465,0.3312,0.22359640896320343,0.00018381563126252507,206,0.7473,0.7483102668076753,2070,3535.076377113,1764939831.2625875
19302787.0,0.7967301778495312,0.3344,0.198057621717453,0.0001836553106212425,208,0.7146,0.7079577144235373,2090,3569.287774037,1764939865.4738069
19391774.0,0.7982797995209694,0.336,0.2679322361946106,0.0001835751503006012,209,0.7209,0.7422882441431284,2100,3586.301364469,1764939882.4874375
19764117.0,0.7894873030483722,0.3424,0.2314935028553009,0.0001832545090180361,213,0.7272,0.7473608188331127,2140,3654.223114232,1764939950.409325
19865373.0,0.7907754883170128,0.344,0.22015948593616486,0.0001831743486973948,214,0.7207,0.7389503292739391,2150,3671.898375246,1764939968.084499
19963324.0,0.8000264532864094,0.3456,0.24921901524066925,0.0001830941883767535,215,0.7086,0.6868952386081218,2160,3689.458317483,1764939985.644438
20156363.0,0.7881521329283714,0.3488,0.22309410572052002,0.00018293386773547094,217,0.7605,0.7777436468750238,2180,3724.13047685,1764940020.3165593
20352557.0,0.7883377745747566,0.352,0.2394591122865677,0.0001827735470941884,219,0.7427,0.7497540347278118,2200,3758.945266078,1764940055.1313322
20614925.0,0.8082376919686795,0.3568,0.2359086126089096,0.00018253306613226454,222,0.6685,0.676711218431592,2230,3809.487535443,1764940105.6737049
20902020.0,0.7948700062930584,0.3616,0.2198396921157837,0.0001822925851703407,225,0.7189,0.745035220682621,2260,3860.456085713,1764940156.6422472
21179216.0,0.7946077130734921,0.3664,0.24195928871631622,0.00018205210420841686,228,0.7262,0.7441068936139346,2290,3910.569835212,1764940206.755837
21469916.0,0.8013478770852089,0.3712,0.22914668917655945,0.000181811623246493,231,0.6859,0.7239159066230059,2320,3961.345684964,1764940257.5318263
21562431.0,0.793343647569418,0.3728,0.22536702454090118,0.0001817314629258517,232,0.7281,0.7390679702162742,2330,3977.905386937,1764940274.0915806
21649817.0,0.7864645175635815,0.3744,0.24332809448242188,0.00018165130260521043,233,0.7659,0.7549017205834389,2340,3994.571860538,1764940290.7578976
21746782.0,0.8024583823978901,0.376,0.23581959307193756,0.00018157114228456916,234,0.6752,0.7078655414283276,2350,4011.672702876,1764940307.8588455
21943319.0,0.8024239607155323,0.3792,0.21597087383270264,0.00018141082164328657,236,0.7048,0.7366985484957695,2370,4046.908509507,1764940343.0945947
22131374.0,0.7885580152273178,0.3824,0.24958108365535736,0.00018125050100200403,238,0.7532,0.7294496651738882,2390,4080.734465855,1764940376.9206984
22315771.0,0.7898380972445012,0.3856,0.23124107718467712,0.00018109018036072146,240,0.743,0.7640328027307988,2410,4115.597685053,1764940411.7837524
22409737.0,0.7904067434370518,0.3872,0.2616119384765625,0.00018101002004008017,241,0.756,0.7538172399625183,2420,4132.981079969,1764940429.1671412
22500767.0,0.8049689151346684,0.3888,0.2519700825214386,0.00018092985971943887,242,0.7004,0.7152921631932259,2430,4149.704303964,1764940445.8904889
22949743.0,0.8065800361335278,0.3968,0.2451496720314026,0.00018052905811623247,247,0.6746,0.6873717423528433,2480,4232.546217537,1764940528.7323353
23041661.0,0.8036634892225265,0.3984,0.20502853393554688,0.0001804488977955912,248,0.6625,0.7033736767247319,2490,4249.531238909,1764940545.7174246
23134077.0,0.805704990029335,0.4,0.2593671381473541,0.0001803687374749499,249,0.6507,0.7021153856068849,2500,4266.840954275,1764940563.0269978
23318062.0,0.7987594701349735,0.4032,0.22040599584579468,0.00018020841683366733,251,0.6862,0.7172431435436011,2520,4301.22785043,1764940597.4139037
23502725.0,0.7948182068765164,0.4064,0.24475832283496857,0.0001800480961923848,253,0.7098,0.6998509485274553,2540,4335.134281841,1764940631.3204958
23945537.0,0.800348112732172,0.4144,0.2712031900882721,0.00017964729458917836,258,0.6829,0.725804790109396,2590,4417.887448379,1764940714.0735931
24040334.0,0.799772533774376,0.416,0.25636306405067444,0.0001795671342685371,259,0.6963,0.7349718267098069,2600,4434.903135285,1764940731.0892785
24133085.0,0.8104474224150181,0.4176,0.24545882642269135,0.0001794869739478958,260,0.659,0.669653344899416,2610,4453.461875528,1764940749.6480448
24226583.0,0.7944293215870857,0.4192,0.27204999327659607,0.0001794068136272545,261,0.6961,0.7343942740932107,2620,4470.137050737,1764940766.3232415
24599600.0,0.8060614995658397,0.4256,0.19407352805137634,0.0001790861723446894,265,0.6809,0.6915038291364908,2660,4538.519537443,1764940834.7056015
25002710.0,0.803581865876913,0.432,0.19896680116653442,0.00017876553106212426,269,0.6874,0.686968419328332,2700,4607.278667275,1764940903.464768
25090059.0,0.8065097510814667,0.4336,0.23899170756340027,0.00017868537074148297,270,0.6682,0.7021710686385632,2710,4623.460410711,1764940919.6465
25265291.0,0.8180469796061516,0.4368,0.32948482036590576,0.00017852505010020043,272,0.6328,0.6622005004435778,2730,4656.215272694,1764940952.401276
25353188.0,0.8040444009006024,0.4384,0.3028891682624817,0.00017844488977955913,273,0.6948,0.7219588462263345,2740,4672.268428573,1764940968.4545627
25445570.0,0.8211592033505439,0.44,0.2032150775194168,0.00017836472945891783,274,0.6073,0.6584052927792072,2750,4688.696245691,1764940984.8822563
25925723.0,0.7966314561665058,0.448,0.22363127768039703,0.00017796392785571143,279,0.7053,0.7273419793695212,2800,4772.837004741,1764941069.023168
26202867.0,0.7920041605830193,0.4528,0.2383679747581482,0.0001777234468937876,282,0.7447,0.7535490848124027,2830,4824.287415975,1764941120.473567
26298290.0,0.791627187281847,0.4544,0.258993536233902,0.0001776432865731463,283,0.7197,0.7517930775880813,2840,4841.033868285,1764941137.2201214
26481269.0,0.7939103052020073,0.4576,0.2161906659603119,0.00017748296593186373,285,0.7031,0.7259628176689148,2860,4874.381564787,1764941170.5676455
27144643.0,0.7886150918900967,0.4688,0.1949358433485031,0.00017692184368737476,292,0.7299,0.765217649564147,2930,4993.445870527,1764941289.6320837
27241047.0,0.7909107074141503,0.4704,0.2909225523471832,0.0001768416833667335,293,0.7169,0.749869592115283,2940,5010.445420585,1764941306.631597
27886707.0,0.8004999481141567,0.4816,0.21382403373718262,0.0001762805611222445,300,0.7006,0.7015515426173806,3010,5128.783762196,1764941424.969874
28064301.0,0.8043790653347969,0.4848,0.25028106570243835,0.00017612024048096193,302,0.6617,0.7001270942389966,3030,5161.685770551,1764941457.8719895
28252964.0,0.8008829981088639,0.488,0.27828484773635864,0.00017595991983967936,304,0.6975,0.6927398558706045,3050,5196.212317477,1764941492.398349
28903705.0,0.7926700957119465,0.4992,0.3115391731262207,0.0001753987975951904,311,0.7209,0.7513705238699913,3120,5313.721140301,1764941609.9073234
29360245.0,0.8038204833865166,0.5072,0.19600771367549896,0.000174997995991984,316,0.6571,0.7052142813801765,3170,5398.075831083,1764941694.261901
29446816.0,0.7963670507073403,0.5088,0.23397305607795715,0.0001749178356713427,317,0.7255,0.7362895864993334,3180,5414.676328051,1764941710.8623989
29541434.0,0.8066923961043357,0.5104,0.265616774559021,0.00017483767535070142,318,0.6679,0.6919913724064827,3190,5432.093927259,1764941728.280159
29729257.0,0.795412777364254,0.5136,0.2229716181755066,0.00017467735470941883,320,0.7219,0.726061200350523,3210,5467.935072378,1764941764.1209445
29828655.0,0.7915518470108509,0.5152,0.24306970834732056,0.00017459719438877759,321,0.7506,0.7296874769032001,3220,5485.731055947,1764941781.9171443
29923973.0,0.7999977491796016,0.5168,0.2535157799720764,0.0001745170340681363,322,0.6996,0.7088715363293886,3230,5502.671325353,1764941798.8575034
30015025.0,0.8156746231019497,0.5184,0.3463830351829529,0.000174436873747495,323,0.6404,0.6755832884460687,3240,5519.236108224,1764941815.422172
30104546.0,0.8001572124660015,0.52,0.24547359347343445,0.00017435671342685372,324,0.6868,0.704104720056057,3250,5535.558752073,1764941831.744913
30200128.0,0.793649821728468,0.5216,0.33417341113090515,0.00017427655310621242,325,0.7462,0.7485754791647196,3260,5552.108917998,1764941848.295074
30297607.0,0.8001995287835598,0.5232,0.30333492159843445,0.00017419639278557116,326,0.6833,0.7308432839810848,3270,5569.29259781,1764941865.478766
30390702.0,0.7927351787686348,0.5248,0.22409860789775848,0.00017411623246492989,327,0.7442,0.7462483141571283,3280,5586.337063061,1764941882.5101516
30670661.0,0.7996650464832783,0.5296,0.33423879742622375,0.00017387575150300602,330,0.6983,0.7135217184200883,3310,5637.450842707,1764941933.636952
30846421.0,0.7951370105147362,0.5328,0.29904550313949585,0.00017371543086172346,332,0.7147,0.7445214726030827,3330,5670.96876085,1764941967.154935
31298633.0,0.7990496128797531,0.5408,0.3165145218372345,0.00017331462925851705,337,0.7183,0.7326976288110018,3380,5757.151541146,1764942053.3375492
31574942.0,0.7951725505292415,0.5456,0.2495669424533844,0.0001730741482965932,340,0.7274,0.7527386419475078,3410,5809.991629628,1764942106.1776528
31668099.0,0.7945466563105583,0.5472,0.33331552147865295,0.00017299398797595192,341,0.726,0.7363876901566982,3420,5826.86995802,1764942123.056022
31976204.0,0.8077382870018482,0.552,0.25512468814849854,0.00017275350701402806,344,0.6584,0.680067409388721,3450,5880.24574131,1764942176.431897
32168611.0,0.8144363671541214,0.5552,0.25826725363731384,0.00017259318637274552,346,0.6385,0.6677795052528381,3470,5914.635191975,1764942210.82122
32723415.0,0.7893222376704216,0.5648,0.3189205229282379,0.00017211222444889782,352,0.7454,0.7488976150751114,3530,6015.535898763,1764942311.721785
32823450.0,0.8167424395680427,0.5664,0.2241186946630478,0.00017203206412825652,353,0.6408,0.6592810172587633,3540,6032.979377892,1764942329.1655536
32919130.0,0.7946762450039386,0.568,0.3165524899959564,0.00017195190380761522,354,0.7088,0.7318644061684608,3550,6049.785011938,1764942345.9712026
33188259.0,0.7989570647478104,0.5728,0.27610090374946594,0.0001717114228456914,357,0.699,0.7197003453969956,3580,6101.505074191,1764942397.6911168
33285080.0,0.7972677573561668,0.5744,0.3051830530166626,0.00017163126252505012,358,0.7156,0.716771736741066,3590,6118.916748282,1764942415.102584
33482803.0,0.8030150912702083,0.5776,0.24602057039737701,0.00017147094188376752,360,0.6879,0.715831634029746,3610,6154.937863734,1764942451.1238122
33660991.0,0.78493282943964,0.5808,0.2473069131374359,0.00017131062124248498,362,0.7234,0.7511397738009691,3630,6188.383050803,1764942484.5692027
33838658.0,0.7967481553554535,0.584,0.29922640323638916,0.00017115030060120242,364,0.6966,0.7371238924562931,3650,6222.63872908,1764942518.8248243
34322643.0,0.8109097138047219,0.592,0.25034111738204956,0.000170749498997996,369,0.6531,0.6835714895278215,3700,6308.976306661,1764942605.162431
34410313.0,0.7948072656989098,0.5936,0.3040289878845215,0.00017066933867735472,370,0.7117,0.749582309089601,3710,6325.456117028,1764942621.6422727
34602354.0,0.8148979984223843,0.5968,0.21654056012630463,0.00017050901803607215,372,0.6488,0.6920691728591919,3730,6360.480824853,1764942656.6668048
34894183.0,0.8114367671310901,0.6016,0.2686481773853302,0.00017026853707414831,375,0.6386,0.666404715180397,3760,6412.244036684,1764942708.4302027
35273684.0,0.8047384910285473,0.608,0.26174667477607727,0.00016994789579158315,379,0.6728,0.7324685584753752,3800,6480.417978173,1764942776.6040442
35474148.0,0.8061605028808116,0.6112,0.23430639505386353,0.00016978757515030061,381,0.6778,0.6786533474922181,3820,6516.632404865,1764942812.8143578
35662701.0,0.7910344801843167,0.6144,0.24145284295082092,0.00016962725450901805,383,0.7522,0.7619302172213793,3840,6550.982949265,1764942847.1691487
35849803.0,0.798731779307127,0.6176,0.380769819021225,0.00016946693386773548,385,0.7179,0.7224785510450602,3860,6585.508613657,1764942881.6948235
36213743.0,0.8094840601086617,0.624,0.30114978551864624,0.00016914629258517035,389,0.6556,0.6783402640372515,3900,6653.44833818,1764942949.6343012
36306422.0,0.7960058942437171,0.6256,0.23178435862064362,0.00016906613226452908,390,0.719,0.7107227254658938,3910,6670.632945009,1764942966.8190174
36884761.0,0.7962208174169063,0.6352,0.22769670188426971,0.00016858517034068138,396,0.7088,0.7155687686055898,3970,6774.954007874,1764943071.1400673
37069321.0,0.8083553664386273,0.6384,0.2563868463039398,0.0001684248496993988,398,0.6798,0.6953692205250264,3990,6809.431048365,1764943105.6171203
37345926.0,0.7999358035624027,0.6432,0.3456391394138336,0.00016818436873747495,401,0.6936,0.6939729738980531,4020,6861.089991617,1764943157.27622
37632513.0,0.7991568669676781,0.648,0.25549986958503723,0.0001679438877755511,404,0.706,0.7261697515845299,4050,6912.350377034,1764943208.5365849
37730567.0,0.8018469765782357,0.6496,0.26310455799102783,0.00016786372745490984,405,0.7051,0.7007420979440212,4060,6929.62116628,1764943225.8072782
37820085.0,0.8040782630443573,0.6512,0.2356170117855072,0.00016778356713426855,406,0.67,0.687631531059742,4070,6945.86387285,1764943242.050015
37909833.0,0.7968077629804611,0.6528,0.27075326442718506,0.00016770340681362725,407,0.7033,0.7402570744976401,4080,6962.951360622,1764943259.1375716
38184555.0,0.8005082532763481,0.6576,0.2968060374259949,0.0001674629258517034,410,0.7049,0.6965073071420192,4110,7014.964081117,1764943311.1501765
38374636.0,0.7838980667293072,0.6608,0.25878867506980896,0.00016730260521042085,412,0.7364,0.7767488867044449,4130,7049.611880185,1764943345.7978978
38464991.0,0.799800842255354,0.6624,0.30311280488967896,0.00016722244488977955,413,0.6779,0.715164539963007,4140,7065.93496231,1764943362.1212056
39196322.0,0.8080762282013894,0.6752,0.279009610414505,0.0001665811623246493,421,0.6394,0.704058975353837,4220,7202.025217588,1764943498.2114148
39395605.0,0.80460599437356,0.6784,0.2334972620010376,0.00016642084168336674,423,0.6616,0.694739542528987,4240,7236.631570418,1764943532.817575
39590764.0,0.8128270924091339,0.6816,0.25065097212791443,0.00016626052104208418,425,0.6609,0.6767725951969623,4260,7270.685863134,1764943566.8719492
39772986.0,0.8125283360481262,0.6848,0.20844632387161255,0.0001661002004008016,427,0.6403,0.691467646881938,4280,7305.713685374,1764943601.899894
39961733.0,0.8019426248967647,0.688,0.2297859787940979,0.00016593987975951904,429,0.6957,0.7124096130952239,4300,7339.445983596,1764943635.6321554
40051218.0,0.7994888119399548,0.6896,0.29777130484580994,0.00016585971943887777,430,0.713,0.7101536579430103,4310,7355.843990922,1764943652.0300913
40153298.0,0.8044208027422428,0.6912,0.3264537751674652,0.00016577955911823648,431,0.676,0.693318435177207,4320,7373.580293034,1764943669.76633
41099653.0,0.8026453122496605,0.7072,0.34693413972854614,0.00016497795591182364,441,0.6764,0.6861291423439979,4420,7546.778432559,1764943842.9646008
41285282.0,0.8127309158444405,0.7104,0.24502114951610565,0.00016481763527054108,443,0.6218,0.6573393031954765,4440,7581.887358748,1764943878.0733628
41371241.0,0.799876844137907,0.712,0.2638344466686249,0.0001647374749498998,444,0.698,0.7150643914937973,4450,7598.542436106,1764943894.7284389
41466270.0,0.8012477159500122,0.7136,0.26643186807632446,0.00016465731462925854,445,0.6854,0.6953875709325075,4460,7615.950584678,1764943912.1366243
41654323.0,0.8013724111020565,0.7168,0.29183346033096313,0.00016449699398797594,447,0.7025,0.7165820598602295,4480,7650.160384018,1764943946.3464892
41931602.0,0.7941698923707008,0.7216,0.32129836082458496,0.0001642565130260521,450,0.6971,0.7282837502658367,4510,7701.4719216,1764943997.6578681
42027404.0,0.8163332045078278,0.7232,0.3180563151836395,0.00016417635270541084,451,0.6257,0.6513696832582354,4520,7719.095619717,1764944015.2817602
42210712.0,0.803666689991951,0.7264,0.28054606914520264,0.00016401603206412825,453,0.6981,0.6977229416370392,4540,7754.376599002,1764944050.562229
42393653.0,0.8071184098720551,0.7296,0.23079340159893036,0.0001638557114228457,455,0.6588,0.7059117386117577,4560,7788.581277516,1764944084.7673798
42491233.0,0.8111120648682117,0.7312,0.25524643063545227,0.0001637755511022044,456,0.6548,0.6768775343894958,4570,7805.345232112,1764944101.5312328
42581329.0,0.7939494200050831,0.7328,0.3570151627063751,0.00016369539078156314,457,0.7268,0.7533708170056344,4580,7822.215579952,1764944118.4016936
42958641.0,0.7962367184460163,0.7392,0.32767629623413086,0.000163374749498998,461,0.7037,0.730665460973978,4620,7891.183709441,1764944187.36986
43050062.0,0.7995718143880367,0.7408,0.24306756258010864,0.0001632945891783567,462,0.7043,0.7124588705599308,4630,7907.473864625,1764944203.6599808
43598338.0,0.8115480236709118,0.7504,0.19544586539268494,0.000162813627254509,468,0.6372,0.6789057398214936,4690,8008.032059854,1764944304.2181985
43890099.0,0.815475519001484,0.7552,0.2701951563358307,0.00016257314629258517,471,0.6298,0.6407792992889881,4720,8059.777258129,1764944355.963309
43984425.0,0.7985564693808556,0.7568,0.29694512486457825,0.0001624929859719439,472,0.6864,0.7178019311279058,4730,8076.943431476,1764944373.1295407
44612995.0,0.794895027577877,0.768,0.29567626118659973,0.00016193186372745493,479,0.7281,0.7537177875638008,4800,8195.761684719,1764944491.9477324
44798423.0,0.7974752068519593,0.7712,0.3086579144001007,0.00016177154308617234,481,0.7018,0.731163545511663,4820,8231.816281566,1764944528.0024538
45254809.0,0.803161758184433,0.7792,0.32751262187957764,0.00016137074148296594,486,0.6796,0.7038513459265232,4870,8317.236846713,1764944613.4230351
45438277.0,0.8057841435074806,0.7824,0.26037484407424927,0.0001612104208416834,488,0.6855,0.6816084507852793,4890,8351.699817335,1764944647.8858936
45611332.0,0.7938560970127583,0.7856,0.38914546370506287,0.0001610501002004008,490,0.703,0.7357146453112364,4910,8385.201566811,1764944681.3876753
46074969.0,0.8106619842350483,0.7936,0.35945719480514526,0.0001606492985971944,495,0.6548,0.7049666032195091,4960,8472.923568142,1764944769.109555
46272937.0,0.8064498014748096,0.7968,0.35911551117897034,0.00016048897795591183,497,0.6613,0.6884613681584597,4980,8508.397343523,1764944804.5836222
46850570.0,0.8090785250067711,0.8064,0.2921295762062073,0.00016000801603206413,503,0.6446,0.7049486357718706,5040,8615.270417653,1764944911.456477
46952265.0,0.8203322701156139,0.808,0.31213080883026123,0.00015992785571142286,504,0.6296,0.6728132557123899,5050,8632.893108637,1764944929.0793078
47039813.0,0.8214469514787197,0.8096,0.35920092463493347,0.00015984769539078157,505,0.6087,0.6492064304649829,5060,8649.466459874,1764944945.6525095
47132101.0,0.811349468678236,0.8112,0.27168986201286316,0.00015976753507014027,506,0.6637,0.6701410755515098,5070,8666.680423897,1764944962.8666425
47432658.0,0.7972030013799667,0.816,0.2502460181713104,0.00015952705410821643,509,0.7209,0.7261022504419088,5100,8719.702472358,1764945015.888627
47972917.0,0.7940649218857289,0.8256,0.2872312664985657,0.00015904609218436874,515,0.7096,0.7480164255946875,5160,8823.471833625,1764945119.6578803
48625193.0,0.8076092354953289,0.8368,0.3015906512737274,0.00015848496993987977,522,0.6608,0.6845512732863426,5230,8945.839417331,1764945242.0254292
49008608.0,0.7903806075453759,0.8432,0.2864219546318054,0.00015816432865731463,526,0.7328,0.7355275772511959,5270,9014.914080124,1764945311.1003153
49276219.0,0.7995571531355381,0.848,0.2680043876171112,0.0001579238476953908,529,0.7291,0.7083413694053888,5300,9065.812653343,1764945361.998857
49372355.0,0.8180881693959237,0.8496,0.25603416562080383,0.0001578436873747495,530,0.625,0.6685189846903086,5310,9083.034533804,1764945379.2207537
49467166.0,0.8045722797513009,0.8512,0.42822232842445374,0.00015776352705410823,531,0.7016,0.7072654332965612,5320,9100.299069065,1764945396.4852273
49766302.0,0.7990070194005966,0.856,0.2534976899623871,0.00015752304609218437,534,0.7103,0.7074120532721281,5350,9154.529882096,1764945450.7161236
49865217.0,0.8088695891201496,0.8576,0.2649589776992798,0.0001574428857715431,535,0.6613,0.6808467108756304,5360,9171.575196051,1764945467.7613182
50219512.0,0.8094968549907208,0.864,0.23930218815803528,0.00015712224448897796,539,0.6527,0.6915055919438601,5400,9238.776924252,1764945534.9631007
50314174.0,0.8070210792124272,0.8656,0.25993403792381287,0.00015704208416833667,540,0.702,0.7065738884732127,5410,9257.767590576,1764945553.9536557
50407002.0,0.7984312109649181,0.8672,0.3503657281398773,0.0001569619238476954,541,0.6745,0.7232276808470488,5420,9275.240465045,1764945571.4265375
50503292.0,0.8147190563380718,0.8688,0.24693071842193604,0.00015688176352705413,542,0.6201,0.6685968765988946,5430,9292.731986602,1764945588.9179935
50598171.0,0.8027790695428848,0.8704,0.23744827508926392,0.00015680160320641283,543,0.6962,0.7050844483077526,5440,9310.087429235,1764945606.2735896
50977256.0,0.8187096945941448,0.8768,0.2963089942932129,0.00015648096192384772,547,0.6376,0.6740296121686697,5480,9380.082170117,1764945676.2682376
51068931.0,0.8089922815561295,0.8784,0.30888983607292175,0.00015640080160320643,548,0.6452,0.6715689979493618,5490,9397.618677912,1764945693.804815
51249569.0,0.8154166899621487,0.8816,0.2926635444164276,0.00015624048096192386,550,0.6276,0.6548617001622915,5510,9431.958752875,1764945728.1449792
51338601.0,0.8152462691068649,0.8832,0.29817044734954834,0.00015616032064128256,551,0.6213,0.6916889995336533,5520,9448.55358384,1764945744.7396924
51523768.0,0.8028925739228725,0.8864,0.2859509587287903,0.00015600000000000002,553,0.6658,0.6982944224029779,5540,9482.862559752,1764945779.0485961
51608468.0,0.7969172336161137,0.888,0.3143899738788605,0.00015591983967935873,554,0.6922,0.7181622710078954,5550,9499.899771321,1764945796.085938
51693987.0,0.8088503792881966,0.8896,0.33434033393859863,0.00015583967935871743,555,0.6817,0.7060921464115382,5560,9516.55766691,1764945812.7437842
52061285.0,0.8203132405877114,0.896,0.2771085500717163,0.00015551903807615232,559,0.6163,0.6467593956738711,5600,9584.797976206,1764945880.9840355
52237115.0,0.8081845261156559,0.8992,0.2467777132987976,0.00015535871743486973,561,0.6609,0.6891219045966863,5620,9619.446090245,1764945915.6322672
52520898.0,0.814834202080965,0.904,0.33326733112335205,0.0001551182364729459,564,0.6368,0.6753772646188736,5650,9670.486112211,1764945966.6721544
52792974.0,0.8064851716160775,0.9088,0.32858806848526,0.00015487775551102206,567,0.6761,0.6859588868916034,5680,9720.629990341,1764946016.816107
52888162.0,0.8117053225636482,0.9104,0.26262834668159485,0.00015479759519038076,568,0.6417,0.6801058625802398,5690,9737.669953736,1764946033.8560512
53063991.0,0.8117012180387974,0.9136,0.26171940565109253,0.0001546372745490982,570,0.6374,0.6813637278974056,5710,9771.477439611,1764946067.6635902
53344451.0,0.8038244888186454,0.9184,0.31376364827156067,0.00015439679358717436,573,0.6675,0.70572026129812,5740,9823.566383299,1764946119.7524505
53724650.0,0.8083912834525109,0.9248,0.271517813205719,0.00015407615230460923,577,0.6729,0.7133292283862829,5780,9891.745649592,1764946187.9316177
54003341.0,0.8156115181744099,0.9296,0.25553783774375916,0.00015383567134268536,580,0.6335,0.6437931045889854,5810,9944.261505168,1764946240.4475493
54274930.0,0.8038282580673695,0.9344,0.26154735684394836,0.00015359519038076153,583,0.6655,0.7238910868763924,5840,9994.837593854,1764946291.023788
54542358.0,0.7845249563455582,0.9392,0.3872535228729248,0.00015335470941883766,586,0.7821,0.7714351437985897,5870,10045.809598182,1764946341.9957194
54820449.0,0.8008833169937134,0.944,0.2612023949623108,0.00015311422845691383,589,0.7181,0.7229985825717449,5900,10096.89417267,1764946393.0802832
55195858.0,0.8111957244575023,0.9504,0.2933790683746338,0.00015279358717434872,593,0.6461,0.6724425468593835,5940,10165.242773276,1764946461.4289021
55388490.0,0.7967756874859333,0.9536,0.2599872350692749,0.00015263326653306613,595,0.6965,0.7537273380905389,5960,10199.734268752,1764946495.920404
55769496.0,0.8132556706666947,0.96,0.297939270734787,0.00015231262525050102,599,0.6624,0.6638231836259365,6000,10268.85636547,1764946565.0423954
55863496.0,0.7936579816043376,0.9616,0.32602426409721375,0.00015223246492985972,600,0.7224,0.7380049716681242,6010,10287.865143697,1764946584.0511878
55955192.0,0.8162286430597305,0.9632,0.2451639026403427,0.00015215230460921845,601,0.6137,0.6728011265397071,6020,10304.928161015,1764946601.1141553
56048162.0,0.7971906930208206,0.9648,0.2718779146671295,0.00015207214428857716,602,0.7135,0.7250252615660429,6030,10322.079938226,1764946618.2660604
56331211.0,0.8079438246786594,0.9696,0.26464226841926575,0.0001518316633266533,605,0.6623,0.7039881732314826,6060,10372.902154936,1764946669.0881748
56999350.0,0.8103486225008965,0.9808,0.332396537065506,0.00015127054108216435,612,0.6643,0.6969532834365963,6130,10491.965093413,1764946788.15126
57095652.0,0.795433995872736,0.9824,0.3160959780216217,0.00015119038076152305,613,0.7037,0.7193395081907511,6140,10509.204703271,1764946805.3908963
57184054.0,0.8082749031484127,0.984,0.2797446548938751,0.00015111022044088176,614,0.6679,0.6700610961765051,6150,10525.994674532,1764946822.1809127
57468928.0,0.804373013228178,0.9888,0.2531624734401703,0.00015086973947895792,617,0.6678,0.696277554705739,6180,10577.86493588,1764946874.051067
57744014.0,0.7992340140044689,0.9936,0.25459936261177063,0.00015062925851703406,620,0.6969,0.7115580335259437,6210,10631.09598998,1764946927.282031
58390340.0,0.8238936632871627,1.0048,0.29984790086746216,0.0001500681362725451,627,0.5822,0.6520752590149641,6280,10749.381617502,1764947045.5677474
58487434.0,0.8132568322122097,1.0064,0.32163846492767334,0.00014998797595190382,628,0.6518,0.6531239163130522,6290,10766.676475948,1764947062.8626711
58580646.0,0.8210695266723633,1.008,0.2744292914867401,0.00014990781563126252,629,0.631,0.6247615410014987,6300,10783.62494343,1764947079.8110583
58672772.0,0.8090715244412422,1.0096,0.25678807497024536,0.00014982765531062125,630,0.6537,0.6906622260808944,6310,10800.626822102,1764947096.8129864
58865905.0,0.8221553467214108,1.0128,0.3263638913631439,0.00014966733466933868,632,0.5893,0.6360590677708388,6330,10835.283168256,1764947131.4694145
58958483.0,0.8225940108299256,1.0144,0.296802818775177,0.0001495871743486974,633,0.6039,0.648726861551404,6340,10852.379478487,1764947148.565624
59145910.0,0.8226375780999661,1.0176,0.33447200059890747,0.00014942685370741482,635,0.5953,0.6178543562069535,6360,10887.006900833,1764947183.1929357
59251542.0,0.8130957342684269,1.0192,0.2857379615306854,0.00014934669338677355,636,0.6507,0.6632067587226629,6370,10904.767938523,1764947200.954055
59541346.0,0.8238243013620377,1.024,0.2190234512090683,0.0001491062124248497,639,0.5892,0.6253886368125677,6400,10956.294770348,1764947252.4809136
59633586.0,0.8208439230918885,1.0256,0.289566308259964,0.00014902605210420842,640,0.6194,0.6420041415840387,6410,10974.086511733,1764947270.2726595
59820965.0,0.8203705057501793,1.0288,0.2582249939441681,0.00014886573146292585,642,0.596,0.6350377317517996,6430,11008.086069611,1764947304.2721286
59923133.0,0.8098966494202614,1.0304,0.2950519621372223,0.00014878557114228458,643,0.6583,0.656288192793727,6440,11026.076388941,1764947322.2625535
60008905.0,0.8341049991548062,1.032,0.39154887199401855,0.00014870541082164329,644,0.5448,0.6007899541407824,6450,11042.269587547,1764947338.4557934
60283462.0,0.8103444449603557,1.0368,0.23564769327640533,0.00014846492985971945,647,0.6552,0.6735391467809677,6480,11093.770588227,1764947389.9566727
60548018.0,0.82053824365139,1.0416,0.34580737352371216,0.0001482244488977956,650,0.5934,0.6423480929806828,6510,11144.29243604,1764947440.478665
60639030.0,0.8150171019136906,1.0432,0.2599947452545166,0.00014814428857715432,651,0.6296,0.6482727151364088,6520,11161.210231,1764947457.3964148
61104730.0,0.8175675265491009,1.0512,0.3613066077232361,0.0001477434869739479,656,0.6235,0.6425598789006471,6570,11245.860636674,1764947542.0467181
61285760.0,0.8265689007937909,1.0544,0.31652238965034485,0.00014758316633266535,658,0.5938,0.6166567524895072,6590,11279.567125341,1764947575.753359
61367389.0,0.8141384214162827,1.056,0.3109982907772064,0.00014750300601202405,659,0.6241,0.6439029943197966,6600,11295.937656832,1764947592.12378
61559120.0,0.8314468555152417,1.0592,0.3154062330722809,0.00014734268537074148,661,0.5791,0.6091885585337877,6620,11332.151675465,1764947628.3378806
61642069.0,0.8326023265719413,1.0608,0.2610478699207306,0.0001472625250501002,662,0.5543,0.5891547258943319,6630,11348.527545719,1764947644.7137234
61838140.0,0.8250626340508461,1.064,0.3563166856765747,0.00014710220440881765,664,0.5961,0.6251789497211575,6650,11382.807754123,1764947678.9938195
62115703.0,0.8289259813725949,1.0688,0.328275203704834,0.00014686172344689378,667,0.5813,0.6093022456392646,6680,11433.089366572,1764947729.2755935
62491981.0,0.8289279714226723,1.0752,0.31092706322669983,0.00014654108216432868,671,0.5614,0.6015429403632879,6720,11500.540180602,1764947796.7263467
62962411.0,0.8271679177880287,1.0832,0.3924168050289154,0.00014614028056112225,676,0.5816,0.6120053246617317,6770,11585.968595646,1764947882.1547287
63056055.0,0.8098186515271664,1.0848,0.32180505990982056,0.00014606012024048098,677,0.6649,0.6660553367808462,6780,11602.966418632,1764947899.1525888
63337686.0,0.8249102480709553,1.0896,0.2561338245868683,0.00014581963927855714,680,0.5698,0.6246247287839651,6810,11655.367480301,1764947951.5535846
63429724.0,0.8316674530506134,1.0912,0.31323638558387756,0.00014573947895791584,681,0.5737,0.5981667885556817,6820,11672.297547699,1764947968.4835448
63611349.0,0.8154098495841027,1.0944,0.35931259393692017,0.00014557915831663328,683,0.6072,0.6434056121855974,6840,11706.522311155,1764948002.7084708
63710007.0,0.831176581978798,1.096,0.2524220049381256,0.00014549899799599198,684,0.5687,0.6107348473742604,6850,11723.917175509,1764948020.1032057
64156892.0,0.8077727355062961,1.104,0.44157275557518005,0.00014509819639278558,689,0.6609,0.6731786768883466,6900,11808.910423214,1764948105.0965824
64443785.0,0.8144285522401333,1.1088,0.2751714587211609,0.00014485771543086174,692,0.6213,0.6582473920658231,6930,11860.410184025,1764948156.5964296
64999589.0,0.8306706316769124,1.1184,0.39205431938171387,0.00014437675350701404,698,0.5646,0.6143210010603071,6990,11962.98009834,1764948259.166246
65081410.0,0.8205278947949409,1.12,0.35233429074287415,0.00014429659318637275,699,0.6226,0.6651858797296881,7000,11979.226417611,1764948275.412568
65173120.0,0.8272700950503349,1.1216,0.2589622139930725,0.00014421643286573148,700,0.5854,0.6124002359807491,7010,11997.862763385,1764948294.0489428
65369303.0,0.8208810493350029,1.1248,0.4117763340473175,0.0001440561122244489,702,0.6011,0.6318175487220288,7030,12032.511265938,1764948328.69742
65463885.0,0.8334695070981979,1.1264,0.5294583439826965,0.0001439759519038076,703,0.5774,0.6063431276008486,7040,12049.795909932,1764948345.9820251
65745996.0,0.8206732653081417,1.1312,0.3810364603996277,0.00014373547094188378,706,0.6071,0.6346906449645757,7070,12100.958196271,1764948397.144371
65844190.0,0.8228438459336758,1.1328,0.28606611490249634,0.00014365531062124248,707,0.6066,0.63342076074332,7080,12118.157026164,1764948414.3431585
66029137.0,0.8173773169517518,1.1360000000000001,0.31598562002182007,0.00014349498997995994,709,0.6331,0.645359818637371,7100,12152.284346884,1764948448.4705553
66115141.0,0.8140828765928745,1.1376,0.35761818289756775,0.00014341482965931864,710,0.6064,0.6584954597055912,7110,12168.986864715,1764948465.172959
66391257.0,0.8196878641843796,1.1424,0.3065721094608307,0.00014317434869739478,713,0.6084,0.6370280001312494,7140,12220.428751733,1764948516.6148005
66663489.0,0.8384156592190266,1.1472,0.34727728366851807,0.00014293386773547094,716,0.538,0.5940752286463976,7170,12271.309203828,1764948567.4954503
66960143.0,0.8279207117855549,1.152,0.28218531608581543,0.0001426933867735471,719,0.5706,0.6142851511016488,7200,12323.656026213,1764948619.8421345
67149728.0,0.81988924741745,1.1552,0.3039622902870178,0.00014253306613226454,721,0.6061,0.6382985934615135,7220,12359.430207155,1764948655.616426
67537620.0,0.823537378013134,1.1616,0.31852221488952637,0.0001422124248496994,725,0.5995,0.6215358387678862,7260,12428.928415915,1764948725.1143339
67717588.0,0.8155697330832481,1.1648,0.27170059084892273,0.00014205210420841684,727,0.6239,0.6583250518888235,7280,12463.059282256,1764948759.2454345
67903294.0,0.8054595343768597,1.168,0.31615492701530457,0.00014189178356713427,729,0.6491,0.676991843432188,7300,12496.961275548,1764948793.147354
67995842.0,0.8318022072315217,1.1696,0.3009069561958313,0.000141811623246493,730,0.5405,0.5830467164516449,7310,12513.25876879,1764948809.4449103
68655906.0,0.8239874213933944,1.1808,0.2856788635253906,0.000141250501002004,737,0.5933,0.6387864101678133,7380,12632.538133464,1764948928.7243187
69517662.0,0.8243245355784893,1.1952,0.24813246726989746,0.00014052905811623247,746,0.5928,0.6058056641370058,7470,12786.762637782,1764949082.948761
69785716.0,0.829659103602171,1.2,0.30105650424957275,0.00014028857715430863,749,0.5588,0.6269371392205357,7500,12836.317367469,1764949132.5035784
69883054.0,0.8254941537976265,1.2016,0.29183387756347656,0.00014020841683366734,750,0.612,0.6136725772172212,7510,12853.195414225,1764949149.3815675
69985277.0,0.8164781205356121,1.2032,0.2587239742279053,0.00014012825651302607,751,0.6436,0.633291396126151,7520,12871.058887175,1764949167.24505
70254744.0,0.8165039919316769,1.208,0.32141557335853577,0.0001398877755511022,754,0.6297,0.6729028977453708,7550,12922.10016693,1764949218.2862735
70521863.0,0.8208581611514092,1.2128,0.28978949785232544,0.00013964729458917837,757,0.6103,0.6245284855365754,7580,12971.984510167,1764949268.1706338
70699090.0,0.8089076362550258,1.216,0.312296062707901,0.0001394869739478958,759,0.6445,0.6928767036646605,7600,13005.695664715,1764949301.881738
70795419.0,0.8215054616332054,1.2176,0.3373626470565796,0.0001394068136272545,760,0.6107,0.650831713154912,7610,13024.028111541,1764949320.2142565
70987820.0,0.8309330031275749,1.2208,0.2804863452911377,0.00013924649298597194,762,0.5742,0.6004187874495983,7630,13058.079946866,1764949354.266009
71263655.0,0.8133050531148911,1.2256,0.3157462477684021,0.0001390060120240481,765,0.6242,0.6529032759368419,7660,13109.792364278,1764949405.9784994
71355637.0,0.8146398335695266,1.2272,0.39825505018234253,0.0001389258517034068,766,0.6367,0.6683487314730883,7670,13126.972103809,1764949423.158239
71449357.0,0.8289368361234665,1.2288000000000001,0.35502323508262634,0.00013884569138276554,767,0.5921,0.6164647832512855,7680,13143.778721808,1764949439.9646332
71634288.0,0.8350065976381302,1.232,0.25992444157600403,0.00013868537074148297,769,0.543,0.596178581751883,7700,13178.147720161,1764949474.3337371
71818503.0,0.8234258122742176,1.2352,0.3821701109409332,0.0001385250501002004,771,0.5799,0.6344145458191633,7720,13212.575900601,1764949508.7619276
72001743.0,0.8153153166174889,1.2384,0.33291181921958923,0.00013836472945891786,773,0.6202,0.6761033818125725,7740,13246.25353754,1764949542.4396844
72086462.0,0.8141098357737064,1.24,0.32783225178718567,0.00013828456913827657,774,0.6351,0.6562887014821172,7750,13262.623416643,1764949558.809551
72189341.0,0.8035351723432541,1.2416,0.3539900779724121,0.00013820440881763527,775,0.6576,0.6864135012030601,7760,13280.529361898,1764949576.7155247
72280401.0,0.8183373436331749,1.2432,0.34304505586624146,0.000138124248496994,776,0.6083,0.6512463722378016,7770,13297.692523585,1764949593.8787117
72364200.0,0.8191725865006447,1.2448,0.30957549810409546,0.0001380440881763527,777,0.6202,0.6349717784672976,7780,13314.019602091,1764949610.2056918
72633607.0,0.8233865164220333,1.2496,0.3146911561489105,0.00013780360721442887,780,0.5919,0.6303497970104217,7810,13365.20790488,1764949661.394087
73384198.0,0.8185273826122283,1.2624,0.29763558506965637,0.0001371623246492986,788,0.6279,0.6526709925383329,7890,13501.763507029,1764949797.9496717
73467667.0,0.8237531684339047,1.264,0.31278640031814575,0.00013708216432865733,789,0.5893,0.646910087019205,7900,13518.07136838,1764949814.2573862
73654164.0,0.8217017464339733,1.2671999999999999,0.3340352177619934,0.00013692184368737476,791,0.6237,0.6225451679900289,7920,13551.788647665,1764949847.9748063
73751035.0,0.8315451681613922,1.2688,0.34472864866256714,0.00013684168336673347,792,0.5519,0.5884711699560284,7930,13569.165414862,1764949865.3515887
73845329.0,0.8313621900975704,1.2704,0.33938437700271606,0.0001367615230460922,793,0.576,0.5987965747714042,7940,13586.265345489,1764949882.4514349
74204372.0,0.8074930354952812,1.2768,0.28984957933425903,0.00013644088176352706,797,0.65,0.6927200447767973,7980,13654.747356839,1764949950.933404
74481558.0,0.8297914780676365,1.2816,0.26182329654693604,0.0001362004008016032,800,0.58,0.6182284681126475,8010,13707.38602328,1764950003.5722613
74673266.0,0.8128577187657356,1.2848,0.33226504921913147,0.00013604008016032063,802,0.6372,0.6525690292939543,8030,13741.786314855,1764950037.9724293
74766408.0,0.8314879775047302,1.2864,0.3544883131980896,0.00013595991983967936,803,0.5638,0.617915153130889,8040,13758.278206062,1764950054.4643724
75027725.0,0.8309612721204758,1.2912,0.32933855056762695,0.0001357194388777555,806,0.5705,0.6217170249670744,8070,13808.627860627,1764950104.814008
75123355.0,0.8126432374119759,1.2928,0.32523393630981445,0.00013563927855711423,807,0.6383,0.6747943723574281,8080,13825.622614562,1764950121.8086865
75304845.0,0.8298961773514748,1.296,0.37326136231422424,0.00013547895791583166,809,0.5898,0.610421341098845,8100,13858.738073875,1764950154.924104
75392734.0,0.8213597252964974,1.2976,0.3142876625061035,0.0001353987975951904,810,0.6059,0.6336141508072615,8110,13875.060732087,1764950171.246961
75873226.0,0.8147772811353207,1.3056,0.35563504695892334,0.00013499799599198396,815,0.6262,0.6501527085900307,8160,13960.285996701,1764950256.4721172
76058506.0,0.8135339215397834,1.3088,0.278957724571228,0.00013483767535070143,817,0.6521,0.6491289798170328,8180,13994.705470323,1764950290.8916805
76147848.0,0.8216957934200764,1.3104,0.38821008801460266,0.00013475751503006013,818,0.6075,0.6660026963800192,8190,14011.767788862,1764950307.953886
76250018.0,0.82010652795434,1.312,0.432876318693161,0.00013467735470941886,819,0.6159,0.6253789819777011,8200,14029.468420321,1764950325.6545928
76620115.0,0.8191925451159477,1.3184,0.3351205885410309,0.00013435671342685373,823,0.6149,0.633775457367301,8240,14099.601196942,1764950395.7872558
76905082.0,0.829944909363985,1.3232,0.3413870930671692,0.00013411623246492986,826,0.562,0.6241414630785584,8270,14150.912035284,1764950447.098171
77088944.0,0.8143963530659676,1.3264,0.3561672270298004,0.0001339559118236473,828,0.644,0.6540460880845785,8290,14184.725221599,1764950480.9113986
77182858.0,0.8120743155479431,1.328,0.3229887783527374,0.00013387575150300603,829,0.6199,0.6787541128695012,8300,14201.397551534,1764950497.5835893
77271973.0,0.822571587562561,1.3296000000000001,0.3221271336078644,0.00013379559118236473,830,0.5931,0.6268149551004172,8310,14217.886029773,1764950514.0721457
78102350.0,0.8189537823200226,1.3439999999999999,0.29189333319664,0.0001330741482965932,839,0.5891,0.6516965894028545,8400,14369.398077035,1764950665.584237
78197017.0,0.8252538487315177,1.3456000000000001,0.28964927792549133,0.0001329939879759519,840,0.5932,0.6044299591332674,8410,14388.898715636,1764950685.0849082
78290809.0,0.8243674948811531,1.3472,0.3433748483657837,0.00013291382765531063,841,0.6063,0.608708655834198,8420,14406.028781885,1764950702.2149725
78665804.0,0.8278503440320492,1.3536000000000001,0.3003810942173004,0.0001325931863727455,845,0.5884,0.6033694457262755,8460,14473.412714038,1764950769.5987291
78756917.0,0.8189173474907875,1.3552,0.3083004951477051,0.0001325130260521042,846,0.6123,0.6427007965743542,8470,14490.622062744,1764950786.8082037
78851716.0,0.8151707783341408,1.3568,0.3050662875175476,0.00013243286573146295,847,0.6264,0.6549222026020288,8480,14507.619974098,1764950803.8061523
79414859.0,0.8275089129805565,1.3664,0.2760349214076996,0.00013195190380761525,853,0.597,0.6066416312009096,8540,14610.150806292,1764950906.3369603
79870391.0,0.8246846549212933,1.3744,0.4221450388431549,0.00013155110220440882,858,0.5986,0.6181873917579651,8590,14693.669054019,1764950989.8552773
80351591.0,0.8162402629852294,1.3824,0.35328394174575806,0.00013115030060120242,863,0.6527,0.6522693395614624,8640,14780.75959269,1764951076.945753
80548319.0,0.8238901324570179,1.3856,0.3099666237831116,0.00013098997995991983,865,0.5862,0.6105367708951235,8660,14815.455771544,1764951111.6418748
80740571.0,0.8213405095040798,1.3888,0.3373955190181732,0.0001308296593186373,867,0.6029,0.6140223503112793,8680,14850.459459039,1764951146.6456256
80830787.0,0.8158962167799473,1.3904,0.3317955732345581,0.000130749498997996,868,0.615,0.6683773152530194,8690,14867.454537533,1764951163.6406102
81216678.0,0.8279639907181263,1.3968,0.3807079792022705,0.00013042885771543088,872,0.5868,0.6123907264322043,8730,14936.480838771,1764951232.6668863
81585172.0,0.816496055573225,1.4032,0.2997933626174927,0.00013010821643286575,876,0.6143,0.6446439072489738,8770,15005.285237916,1764951301.4713478
81947840.0,0.8226844534277916,1.4096,0.2796410024166107,0.0001297875751503006,880,0.595,0.6339377384632826,8810,15074.5744868,1764951370.7605767
82131430.0,0.8204355940222741,1.4128,0.3557262718677521,0.00012962725450901805,882,0.6349,0.6569304186850786,8830,15107.817865874,1764951404.0039368
82590179.0,0.8279536165297031,1.4208,0.35071292519569397,0.00012922645290581162,887,0.5722,0.6138699909672141,8880,15191.239593061,1764951487.4257855
83140522.0,0.8262294560670853,1.4304000000000001,0.3501215875148773,0.00012874549098196392,893,0.5715,0.6071027494966984,8940,15294.284152241,1764951590.4702811
83235502.0,0.8231868781149387,1.432,0.29387181997299194,0.00012866533066132265,894,0.5951,0.6331616599112749,8950,15311.960001113,1764951608.146166
83427526.0,0.8269079402089119,1.4352,0.32485464215278625,0.00012850501002004009,896,0.5799,0.610622925311327,8970,15346.583386044,1764951642.7695227
83523852.0,0.8316877737641335,1.4368,0.40749290585517883,0.00012842484969939882,897,0.5554,0.594609827362001,8980,15363.423734417,1764951659.609838
83808402.0,0.8256669379770756,1.4416,0.37641608715057373,0.00012818436873747495,900,0.6039,0.6222862046211958,9010,15416.608391287,1764951712.794479
83897676.0,0.8274475313723088,1.4432,0.3247669041156769,0.00012810420841683368,901,0.5629,0.6133624318987131,9020,15433.080512388,1764951729.266668
83994079.0,0.8169286839663983,1.4447999999999999,0.35371434688568115,0.00012802404809619239,902,0.6089,0.6334768030792475,9030,15449.978054241,1764951746.1642425
84558005.0,0.8273475147783756,1.4544000000000001,0.3248811662197113,0.00012754308617234469,908,0.5891,0.6303480125963687,9090,15552.592821755,1764951848.7789912
84650500.0,0.8170612022280693,1.456,0.4395536184310913,0.00012746292585170342,909,0.6204,0.6363409347832203,9100,15569.283297099,1764951865.4694471
85032062.0,0.8105424419045448,1.4624,0.31465327739715576,0.00012714228456913828,913,0.6521,0.6659217605367302,9140,15638.760985781,1764951934.9471042
85297199.0,0.8233235374093055,1.4672,0.2883076071739197,0.00012690180360721445,916,0.5891,0.6556137692183256,9170,15688.314079184,1764951984.4999413
85394182.0,0.8304167956113815,1.4687999999999999,0.36303743720054626,0.00012682164328657315,917,0.5803,0.6058009695261717,9180,15706.131829334,1764952002.317945
85487587.0,0.8188994489610195,1.4704,0.29051297903060913,0.00012674148296593188,918,0.6116,0.6353430220857262,9190,15723.167911546,1764952019.3540902
85756123.0,0.8216344758868217,1.4752,0.37619003653526306,0.00012650100200400802,921,0.5937,0.637528482452035,9220,15775.035880973,1764952071.2220986
85846498.0,0.82852673381567,1.4768,0.3033403754234314,0.00012642084168336675,922,0.5771,0.6290262175723911,9230,15792.124611721,1764952088.3107584
86208641.0,0.8095453575253486,1.4832,0.34323304891586304,0.00012610020040080161,926,0.6616,0.6529812671244144,9270,15861.191084527,1764952157.3770328
86299922.0,0.8237081229686737,1.4848,0.3146260678768158,0.00012602004008016032,927,0.6101,0.6301223713904619,9280,15878.108913028,1764952174.2950082
86383080.0,0.8257548660039902,1.4864,0.38884907960891724,0.00012593987975951905,928,0.5752,0.6265225734561681,9290,15895.226676925,1764952191.4128985
86577164.0,0.822486873716116,1.4896,0.3436219096183777,0.00012577955911823648,930,0.5882,0.6231084011495114,9310,15929.547162506,1764952225.7333279
86768959.0,0.8176482520997524,1.4928,0.3314094841480255,0.00012561923847695391,932,0.6169,0.6784251956269145,9330,15963.678964167,1764952259.865171
87139577.0,0.8306301586329937,1.4992,0.2980191111564636,0.00012529859719438878,936,0.5812,0.608183379098773,9370,16031.557654971,1764952327.743794
87326442.0,0.8151033118367195,1.5024,0.28913024067878723,0.00012513827655310621,938,0.6246,0.6362509023398161,9390,16065.638870664,1764952361.825055
87417217.0,0.8263134330511093,1.504,0.37841033935546875,0.00012505811623246492,939,0.5835,0.6358122596517205,9400,16082.623912957,1764952378.8099966
87608912.0,0.8165684312582016,1.5072,0.3613951802253723,0.00012489779559118238,941,0.6457,0.662968672811985,9420,16118.998823962,1764952415.184997
87702779.0,0.8195663467049599,1.5088,0.379307359457016,0.00012481763527054108,942,0.6109,0.6535961657762528,9430,16135.813237914,1764952431.9994118
87891178.0,0.8131187103688717,1.512,0.3897739052772522,0.00012465731462925851,944,0.6546,0.6682858612388373,9450,16169.476450789,1764952465.6625865
88077191.0,0.8222787201404571,1.5152,0.334056556224823,0.00012449699398797598,946,0.5805,0.6265571787953377,9470,16204.008516014,1764952500.1945217
88264183.0,0.8238221175968647,1.5184,0.31859493255615234,0.00012433667334669338,948,0.6181,0.6408448090776802,9490,16237.56764151,1764952533.753802
89013560.0,0.8291539959609509,1.5312000000000001,0.3012564778327942,0.00012369539078156314,956,0.5744,0.6140376619994641,9570,16375.509540448,1764952671.695551
89304309.0,0.8357268020510673,1.536,0.4387674629688263,0.00012345490981963928,959,0.558,0.6014098089188338,9600,16428.03362964,1764952724.219784
89778626.0,0.831342313438654,1.544,0.37774306535720825,0.00012305410821643285,964,0.5802,0.6261466542258859,9650,16515.590771491,1764952811.7769454
89867877.0,0.8182936735451222,1.5455999999999999,0.3289567530155182,0.0001229739478957916,965,0.6201,0.6492509208619595,9660,16532.561822338,1764952828.747837
89960427.0,0.819336062669754,1.5472000000000001,0.34336763620376587,0.0001228937875751503,966,0.6274,0.6452482067048549,9670,16549.48000516,1764952845.6661716
90147200.0,0.8072724737226963,1.5504,0.4245442748069763,0.00012273346693386774,968,0.6591,0.6848142221570015,9690,16582.913662513,1764952879.0998032
90701623.0,0.8137182600796222,1.56,0.35516032576560974,0.00012225250501002004,974,0.642,0.6666083771735429,9750,16683.945457327,1764952980.1315787
90882359.0,0.839303008466959,1.5632000000000001,0.2969866693019867,0.00012209218436873748,976,0.5404,0.5678849013522267,9770,16717.5193673,1764953013.7054524
90974695.0,0.8300143420696259,1.5648,0.36112886667251587,0.0001220120240480962,977,0.585,0.6215892739593982,9780,16734.65157816,1764953030.8375204
91070016.0,0.8211789555847645,1.5664,0.25851529836654663,0.00012193186372745491,978,0.6135,0.6344197731465101,9790,16751.806761467,1764953047.9929245
91166556.0,0.8312577866017818,1.568,0.39013582468032837,0.00012185170340681363,979,0.567,0.5975606188178062,9800,16768.793882058,1764953064.9799938
91249663.0,0.8335863091051579,1.5695999999999999,0.3253241181373596,0.00012177154308617236,980,0.548,0.6018193010240793,9810,16785.850579021,1764953082.0366147
91346138.0,0.8208601467311383,1.5712000000000002,0.33689409494400024,0.00012169138276553107,981,0.6285,0.6287339966744184,9820,16803.286432855,1764953099.4724329
91530589.0,0.8292439490556717,1.5744,0.33606913685798645,0.0001215310621242485,983,0.5864,0.6165136575698853,9840,16838.743489055,1764953134.9295726
91615889.0,0.8183964386582374,1.576,0.3831965923309326,0.00012145090180360724,984,0.6242,0.6393204346299172,9850,16855.326362139,1764953151.5126224
91713513.0,0.8158035531640053,1.5776,0.30531543493270874,0.00012137074148296594,985,0.6354,0.6366419173777104,9860,16872.117115,1764953168.3033786
91802035.0,0.8282620072364807,1.5792000000000002,0.3243473470211029,0.00012129058116232466,986,0.5663,0.6378037344664336,9870,16888.676223273,1764953184.862395
92373614.0,0.8217917248606682,1.5888,0.3243657946586609,0.00012080961923847696,992,0.6079,0.639098247140646,9930,16990.418130992,1764953286.6043174
92556441.0,0.8277489699423313,1.592,0.39566534757614136,0.0001206492985971944,994,0.5913,0.6155798222869635,9950,17023.628982451,1764953319.8150775
92648479.0,0.8171306297183036,1.5936,0.384939968585968,0.00012056913827655312,995,0.648,0.6725098215043545,9960,17040.490555336,1764953336.676728
92829164.0,0.8161811053752899,1.5968,0.32857435941696167,0.00012040881763527054,997,0.6203,0.660219133645296,9980,17073.957700669,1764953370.1437955
92922987.0,0.8238266192376613,1.5984,0.3694298267364502,0.00012032865731462926,998,0.5884,0.6307878732681275,9990,17090.509689427,1764953386.695879
93121851.0,0.8247254967689515,1.6016,0.271883487701416,0.0001201683366733467,1000,0.6032,0.6135379444807768,10010,17127.203437868,1764953423.3895195
93392620.0,0.8261486046016217,1.6064,0.3443186581134796,0.00011992785571142284,1003,0.5892,0.6136796763166785,10040,17178.164621429,1764953474.3506253
93489190.0,0.8196613326668739,1.608,0.410550594329834,0.00011984769539078157,1004,0.6055,0.6287316475063562,10050,17195.23249656,1764953491.4186187
94150626.0,0.820248631387949,1.6192,0.37368303537368774,0.00011928657314629259,1011,0.6115,0.6893532335758209,10120,17316.512587411,1764953612.698637
94329899.0,0.8249427765607834,1.6223999999999998,0.3461422920227051,0.00011912625250501002,1013,0.6125,0.631054588407278,10140,17350.448418532,1764953646.6345882
94523717.0,0.8303986690938473,1.6256,0.30332833528518677,0.00011896593186372747,1015,0.5644,0.5995005685836077,10160,17385.188166643,1764953681.3741906
94718001.0,0.821995921432972,1.6288,0.4048613905906677,0.00011880561122244489,1017,0.6182,0.6148779509589076,10180,17420.058001441,1764953716.2442415
94813410.0,0.8289333388209343,1.6303999999999998,0.2790910005569458,0.0001187254509018036,1018,0.5863,0.6007144048810005,10190,17436.694533782,1764953732.8806882
94902593.0,0.8171513579785824,1.6320000000000001,0.34063199162483215,0.00011864529058116234,1019,0.6406,0.6360019780695438,10200,17453.505769221,1764953749.6917665
95005779.0,0.8220395728945732,1.6336,0.3130611479282379,0.00011856513026052105,1020,0.6082,0.6144737269729376,10210,17472.250377329,1764953768.4365733
95384068.0,0.8239504300057888,1.6400000000000001,0.3712167739868164,0.00011824448897795592,1024,0.6112,0.6289559816941619,10250,17540.388456585,1764953836.5746
95475645.0,0.8160101890563964,1.6416,0.4579183757305145,0.00011816432865731464,1025,0.629,0.6571067359298468,10260,17557.276827487,1764953853.4629848
96026565.0,0.8195416025817395,1.6512,0.39186516404151917,0.00011768336673346694,1031,0.6045,0.6374616131186486,10320,17656.973723963,1764953953.1599069
96110025.0,0.8156922101974488,1.6528,0.38138121366500854,0.00011760320641282565,1032,0.6324,0.6421032302081585,10330,17673.471069201,1764953969.6572173
96306246.0,0.8170122049748898,1.6560000000000001,0.36854782700538635,0.0001174428857715431,1034,0.6314,0.6412707448005677,10350,17708.343340702,1764954004.5294652
96408145.0,0.8185190036892891,1.6576,0.2780088484287262,0.00011736272545090182,1035,0.5987,0.6318039428442717,10360,17726.550046467,1764954022.7360306
96693961.0,0.8164496339857579,1.6623999999999999,0.3637661337852478,0.00011712224448897797,1038,0.6461,0.6422737967222929,10390,17778.167050707,1764954074.3530002
96875608.0,0.8174602694809436,1.6656,0.43711376190185547,0.0001169619238476954,1040,0.6209,0.672305454313755,10410,17814.234420002,1764954110.4204948
96971606.0,0.8178985588252544,1.6672,0.280582994222641,0.00011688176352705412,1041,0.5973,0.6566207116469741,10420,17831.524271955,1764954127.7103522
97069513.0,0.8221226267516613,1.6688,0.3879038691520691,0.00011680160320641282,1042,0.5995,0.6374281123280525,10430,17848.411265442,1764954144.597293
97341608.0,0.8210373073816299,1.6736,0.4120655357837677,0.00011656112224448898,1045,0.6001,0.6279140848666429,10460,17898.770294955,1764954194.9564636
97436634.0,0.8250121034681797,1.6752,0.32208648324012756,0.0001164809619238477,1046,0.6078,0.621600523404777,10470,17916.09752771,1764954212.2835522
97613536.0,0.8235421344637871,1.6784,0.3347015678882599,0.00011632064128256515,1048,0.5791,0.6138720341026783,10490,17949.393311602,1764954245.5793803
97806853.0,0.8264892578125,1.6816,0.34012138843536377,0.00011616032064128257,1050,0.579,0.6358686860650777,10510,17983.584768438,1764954279.770854
98091734.0,0.8119165025651455,1.6864,0.330631822347641,0.00011591983967935873,1053,0.6395,0.683278564363718,10540,18034.643270401,1764954330.8294084
98288803.0,0.8337008096277714,1.6896,0.32400909066200256,0.00011575951903807616,1055,0.5314,0.6020202465355396,10560,18069.55101721,1764954365.7371888
98569010.0,0.8242722429335118,1.6944,0.4181627631187439,0.00011551903807615231,1058,0.609,0.6409525085240603,10590,18120.746741882,1764954416.9329245
98656026.0,0.8322261415421963,1.696,0.3255411386489868,0.00011543887775551103,1059,0.5579,0.6074340537190437,10600,18136.708217726,1764954432.894357
98846913.0,0.8237802505493164,1.6992,0.2981293499469757,0.00011527855711422846,1061,0.6224,0.6303846299648285,10620,18171.783731461,1764954467.9698336
99499783.0,0.8002373158931733,1.7104,0.31099429726600647,0.0001147174348697395,1068,0.7022,0.6981758940964937,10690,18290.688096803,1764954586.8741868
100058541.0,0.8152034193277359,1.72,0.41728857159614563,0.0001142364729458918,1074,0.6573,0.6657748745754362,10750,18393.40564675,1764954689.5916467
100234969.0,0.8285446226596832,1.7231999999999998,0.3163391649723053,0.00011407615230460922,1076,0.5908,0.6165494590997695,10770,18426.781537642,1764954722.9676878
100320907.0,0.8275055751204491,1.7248,0.47640302777290344,0.00011399599198396793,1077,0.5982,0.6249283868819475,10780,18443.682423377,1764954739.8686237
100517264.0,0.8300953209400177,1.728,0.42139336466789246,0.00011383567134268538,1079,0.5712,0.5934279419481754,10800,18477.202303039,1764954773.3882837
100606806.0,0.8273134164512157,1.7296,0.3357345163822174,0.0001137555110220441,1080,0.5868,0.6391703573986888,10810,18494.987434746,1764954791.1735568
100806263.0,0.8181449621915817,1.7328000000000001,0.37770843505859375,0.00011359519038076152,1082,0.6394,0.6444726660847664,10830,18529.339672782,1764954825.5256376
100898924.0,0.828134535998106,1.7344,0.3400147557258606,0.00011351503006012026,1083,0.5613,0.604121939651668,10840,18546.185974106,1764954842.3721073
100987023.0,0.8291449598968029,1.736,0.304293155670166,0.00011343486973947896,1084,0.5682,0.6132568268105387,10850,18562.879435111,1764954859.0656037
101167498.0,0.8164503298699856,1.7391999999999999,0.33539149165153503,0.0001132745490981964,1086,0.6053,0.6338690169155597,10870,18597.295488321,1764954893.4816144
101259326.0,0.828792716562748,1.7408000000000001,0.40306663513183594,0.0001131943887775551,1087,0.5772,0.6231049880385399,10880,18614.560963461,1764954910.7470934
101625193.0,0.8234795980155468,1.7471999999999999,0.3581107258796692,0.00011287374749498998,1091,0.5904,0.6243547620251775,10920,18682.217791244,1764954978.402296
101811169.0,0.8263018347322941,1.7504,0.34297704696655273,0.00011271342685370743,1093,0.581,0.6244577158242464,10940,18715.925125121,1764955012.1110625
102095892.0,0.8296878799796105,1.7551999999999999,0.44129014015197754,0.00011247294589178356,1096,0.6023,0.5944365080446005,10970,18767.855873662,1764955064.0419607
102367350.0,0.8269966833293438,1.76,0.3375847339630127,0.00011223246492985973,1099,0.5799,0.6270306576043367,11000,18818.001944488,1764955114.1880755
102636486.0,0.8313718549907207,1.7648000000000001,0.3136419951915741,0.00011199198396793589,1102,0.5486,0.6070770466700196,11030,18870.096388745,1764955166.2824764
102730944.0,0.8274636164307594,1.7664,0.3411085903644562,0.0001119118236472946,1103,0.6172,0.613715560734272,11040,18887.220755947,1764955183.406901
103004217.0,0.8301682792603969,1.7711999999999999,0.3736369013786316,0.00011167134268537074,1106,0.5416,0.6112946841865778,11070,18937.659860004,1764955233.8458712
103097957.0,0.811771622300148,1.7728000000000002,0.33724653720855713,0.00011159118236472947,1107,0.6389,0.673955449834466,11080,18954.337049895,1764955250.5232546
103750130.0,0.825938519090414,1.784,0.3261730670928955,0.00011103006012024049,1114,0.5821,0.6196110201999545,11150,19073.948775121,1764955370.1348128
103845959.0,0.8248120836913586,1.7856,0.4012642502784729,0.0001109498997995992,1115,0.6036,0.6136927425861358,11160,19091.009349142,1764955387.1953845
104117166.0,0.8108773104846477,1.7904,0.35782745480537415,0.00011070941883767536,1118,0.6393,0.6812553647905588,11190,19142.847037268,1764955439.0330608
104211721.0,0.8158215500414372,1.792,0.4187341332435608,0.00011062925851703407,1119,0.6219,0.6733162313699722,11200,19160.057138369,1764955456.2431219
104411863.0,0.8123869739472867,1.7952,0.2828482985496521,0.0001104689378757515,1121,0.6603,0.6466990545392036,11220,19196.882734425,1764955493.0688403
104591587.0,0.8168612763285636,1.7984,0.37361231446266174,0.00011030861723446894,1123,0.6251,0.6427825853228569,11240,19231.063996212,1764955527.2501755
104767650.0,0.8198517575860024,1.8016,0.3749096989631653,0.00011014829659318637,1125,0.6133,0.6443524260073901,11260,19264.547857378,1764955560.7340548
104865253.0,0.8328293167054653,1.8032,0.3032210171222687,0.00011006813627254509,1126,0.5705,0.5917151682078838,11270,19281.873580617,1764955578.0596938
105413344.0,0.8154310494661331,1.8128,0.3803582787513733,0.0001095871743486974,1132,0.6245,0.6554258905351162,11330,19385.629807654,1764955681.8158793
105510264.0,0.8104265391826629,1.8144,0.3352322280406952,0.00010950701402805612,1133,0.626,0.655574600957334,11340,19403.020055256,1764955699.2062101
105604973.0,0.8198019802570343,1.8159999999999998,0.303337424993515,0.00010942685370741484,1134,0.5954,0.6650018602609634,11350,19420.491700445,1764955716.6777742
105700277.0,0.8298237517476081,1.8176,0.2761039733886719,0.00010934669338677354,1135,0.5872,0.6070957183837891,11360,19438.182108159,1764955734.3681054
105794698.0,0.812286303192377,1.8192,0.3086452782154083,0.00010926653306613226,1136,0.668,0.673568443953991,11370,19455.365840849,1764955751.5519946
106059159.0,0.8234532319009304,1.8239999999999998,0.36806991696357727,0.00010902605210420842,1139,0.6033,0.6502729807049036,11400,19505.544379411,1764955801.7303662
106341561.0,0.8207571804523468,1.8288,0.28970572352409363,0.00010878557114228459,1142,0.5858,0.6293229468166828,11430,19558.98589696,1764955855.1719143
106634123.0,0.8170285105705262,1.8336000000000001,0.38371801376342773,0.00010854509018036072,1145,0.6394,0.6339305205270648,11460,19610.769824491,1764955906.9559107
106725721.0,0.8216160476207733,1.8352,0.26890215277671814,0.00010846492985971944,1146,0.6104,0.6183377999812365,11470,19627.648624944,1764955923.8347108
108202453.0,0.8236319057643413,1.8608,0.3164706826210022,0.00010718236472945893,1162,0.6023,0.6413539636880159,11630,19903.112576333,1764956199.2987323
108392484.0,0.8221193872392177,1.8639999999999999,0.3303977847099304,0.00010702204408817635,1164,0.5988,0.6554812405258417,11650,19937.876508247,1764956234.062528
108479167.0,0.8155676834285259,1.8656000000000001,0.4411274790763855,0.00010694188376753507,1165,0.6071,0.6825240705162287,11660,19955.062327035,1764956251.2484791
108570336.0,0.8250124171376229,1.8672,0.333495169878006,0.0001068617234468938,1166,0.5855,0.6244887448847294,11670,19972.155135551,1764956268.3412929
109027156.0,0.8248352572321892,1.8752,0.2847716212272644,0.00010646092184368738,1171,0.6077,0.6293362908065319,11720,20056.359204793,1764956352.5454466
109122197.0,0.8266959831118583,1.8768,0.35245466232299805,0.0001063807615230461,1172,0.6021,0.6063857261091471,11730,20073.784163285,1764956369.9702935
109212602.0,0.8312957994639874,1.8784,0.3856911063194275,0.00010630060120240482,1173,0.557,0.59815480299294,11740,20090.463806054,1764956386.6500852
109665337.0,0.8289874412119389,1.8864,0.3093927204608917,0.0001058997995991984,1178,0.5696,0.6085914973169565,11790,20174.57468693,1764956470.7607803
109755834.0,0.8322755716741085,1.888,0.3723866939544678,0.00010581963927855712,1179,0.5647,0.6247097246348858,11800,20191.575077058,1764956487.7613125
109936421.0,0.818853784352541,1.8912,0.4256523847579956,0.00010565931863727456,1181,0.606,0.6414522491395473,11820,20228.305686462,1764956524.4916086
110033822.0,0.8388168700039387,1.8928,0.4454442858695984,0.00010557915831663328,1182,0.5405,0.5887678302824497,11830,20245.206913964,1764956541.393125
110123066.0,0.8220709599554539,1.8944,0.4377399981021881,0.00010549899799599198,1183,0.6032,0.6332265501841903,11840,20262.061396072,1764956558.2475002
110305889.0,0.829126862436533,1.8976,0.29331710934638977,0.00010533867735470942,1185,0.5801,0.6283137261867523,11860,20296.221557834,1764956592.4077277
110402121.0,0.8197695776820183,1.8992,0.27556049823760986,0.00010525851703406815,1186,0.6287,0.6452438108623028,11870,20313.339493393,1764956609.5256665
110583173.0,0.8207228362560273,1.9024,0.4038408398628235,0.00010509819639278558,1188,0.6092,0.6176806285977363,11890,20346.373852686,1764956642.559936
110871076.0,0.8228082239627839,1.9072,0.40008023381233215,0.00010485771543086173,1191,0.5855,0.6342132147401571,11920,20398.12154737,1764956694.3075416
111145191.0,0.8194426707923412,1.912,0.35568416118621826,0.00010461723446893787,1194,0.6331,0.6377995057031512,11950,20450.9520719,1764956747.1381764
111416872.0,0.8249480061233043,1.9167999999999998,0.38198167085647583,0.00010437675350701403,1197,0.5891,0.6431674627587199,11980,20500.639869314,1764956796.8259764
111501523.0,0.8190704554319381,1.9184,0.36907491087913513,0.00010429659318637275,1198,0.623,0.6547266960144043,11990,20517.360424198,1764956813.5464327
96277.0,0.8446069531142711,1.9216,0.3185442388057709,0.00010413627254509017,1199,0.4959,0.5552715269848705,12010,18.366404227,1764957258.017846
198001.0,0.8286532565951348,1.9232,0.4273526668548584,0.00010405611222444891,1200,0.5839,0.6090004123747349,12020,35.805605385,1764957275.4569836
570684.0,0.8457295402884484,1.9296,0.32290413975715637,0.00010373547094188378,1204,0.5092,0.5388615103438497,12060,103.718395653,1764957343.3696718
745083.0,0.8353331565856934,1.9327999999999999,0.37033766508102417,0.00010357515030060121,1206,0.5197,0.5809921441599727,12080,137.82542113,1764957377.4766896
842273.0,0.8333486802875996,1.9344000000000001,0.2916620671749115,0.00010349498997995992,1207,0.537,0.6029761290177703,12090,155.335013634,1764957394.9862902
924982.0,0.8336492143571377,1.936,0.35111507773399353,0.00010341482965931863,1208,0.5547,0.6073451634496451,12100,172.355339092,1764957412.006576
1017588.0,0.8374837175011635,1.9376,0.32454919815063477,0.00010333466933867738,1209,0.5146,0.5881652247160674,12110,189.635095309,1764957429.286491
1109701.0,0.8192080944776535,1.9392,0.42184871435165405,0.00010325450901803608,1210,0.6233,0.637030652910471,12120,206.797824994,1764957446.4491081
1199120.0,0.843353158980608,1.9407999999999999,0.36869582533836365,0.0001031743486973948,1211,0.5391,0.5834709759801626,12130,223.838168011,1764957463.4895864
1387792.0,0.830964183807373,1.944,0.3156341314315796,0.00010301402805611222,1213,0.5911,0.6011431258171797,12150,258.288426351,1764957497.9399695
1576221.0,0.851684695482254,1.9472,0.3170277774333954,0.00010285370741482968,1215,0.4896,0.5535467959940433,12170,292.86183977,1764957532.5133138
1673404.0,0.8363235346972943,1.9487999999999999,0.32593899965286255,0.00010277354709418838,1216,0.547,0.5957329340279103,12180,310.37193878,1764957550.0233696
1763201.0,0.8412979982793332,1.9504000000000001,0.3561305105686188,0.0001026933867735471,1217,0.5218,0.5536623675376177,12190,327.075880169,1764957566.7273798
1853037.0,0.8481061048805714,1.952,0.32996127009391785,0.00010261322645290581,1218,0.4931,0.5403912814334035,12200,343.758894373,1764957583.410469
1955833.0,0.8288259319961071,1.9536,0.31499168276786804,0.00010253306613226454,1219,0.5727,0.6238649902865291,12210,362.906470244,1764957602.558063
2054410.0,0.8180387586355209,1.9552,0.5230469107627869,0.00010245290581162326,1220,0.6069,0.6455455711111426,12220,380.65257764,1764957620.3038206
2153251.0,0.8354413956403732,1.9567999999999999,0.3607994019985199,0.00010237274549098196,1221,0.5483,0.578005826100707,12230,398.048821801,1764957637.7004905
2615505.0,0.8304968141019344,1.9647999999999999,0.40210381150245667,0.00010197194388777556,1226,0.5748,0.6013946348801256,12280,483.497179349,1764957723.148678
2710028.0,0.8391694322228431,1.9664000000000001,0.3657895028591156,0.00010189178356713426,1227,0.5439,0.5715603623539209,12290,500.390809955,1764957740.0422945
2898554.0,0.8374950528144837,1.9696,0.33073607087135315,0.00010173146292585172,1229,0.5419,0.5885390417650342,12310,534.548947752,1764957774.2005234
2990384.0,0.8515501335263252,1.9712,0.3376830518245697,0.00010165130260521043,1230,0.4677,0.535585404932499,12320,551.382939166,1764957791.0344753
3177683.0,0.82899199873209,1.9744000000000002,0.33348962664604187,0.00010149098196392786,1232,0.5741,0.6056600186973811,12340,585.469483232,1764957825.1211197
3373949.0,0.8337957687675953,1.9776,0.352234810590744,0.00010133066132264531,1234,0.5906,0.5833339545875788,12360,619.368017438,1764957859.019596
3662995.0,0.8269244581460953,1.9824000000000002,0.4981392025947571,0.00010109018036072144,1237,0.5797,0.6069809475913643,12390,671.131682774,1764957910.7832391
3938669.0,0.8347420871257782,1.9872,0.3703049123287201,0.00010084969939879761,1240,0.5437,0.5917350336909294,12420,723.208657321,1764957962.8601792
4036271.0,0.8340368323028088,1.9888,0.33232879638671875,0.00010076953907815631,1241,0.5523,0.5926887249574065,12430,740.632406996,1764957980.2839284
4131054.0,0.8240969061851502,1.9904,0.41619953513145447,0.00010068937875751503,1242,0.6121,0.6004626274108886,12440,757.939618657,1764957997.591102
4221604.0,0.8244499683380127,1.992,0.3886430561542511,0.00010060921843687374,1243,0.5774,0.619813197851181,12450,775.197024413,1764958014.8486605
4311357.0,0.8310289591550827,1.9936,0.3196854889392853,0.00010052905811623247,1244,0.5668,0.6022402934730053,12460,791.818903302,1764958031.470421
4397628.0,0.8390673078596592,1.9952,0.4804134666919708,0.00010044889779559119,1245,0.5437,0.5768523279577493,12470,808.380158092,1764958048.031785
4496501.0,0.8441120974719525,1.9968,0.3131067752838135,0.00010036873747494991,1246,0.5173,0.563192680850625,12480,825.642649678,1764958065.2942803
4589146.0,0.8410334475338459,1.9984,0.3288133442401886,0.00010028857715430861,1247,0.5306,0.5647509193047882,12490,842.310063981,1764958081.9616244
4969560.0,0.8330035530030727,2.0048,0.30166611075401306,9.996793587174349e-05,1251,0.5323,0.5930696215480566,12530,910.451437282,1764958150.1029603
5145874.0,0.8375267550349236,2.008,0.39354103803634644,9.980761523046092e-05,1253,0.5252,0.5956889793276787,12550,943.555157937,1764958183.2067294
5239821.0,0.8316944800317287,2.0096,0.4739378094673157,9.972745490981964e-05,1254,0.5703,0.5972670909017325,12560,960.200921861,1764958199.8525388
5530870.0,0.8520493119955063,2.0144,0.37883874773979187,9.94869739478958e-05,1257,0.4924,0.5438358832150698,12590,1012.018205319,1764958251.6697862
5722361.0,0.8420103564858437,2.0176,0.324107825756073,9.932665330661323e-05,1259,0.5162,0.5726538812741637,12610,1047.966822562,1764958287.618257
5813656.0,0.8331953234970569,2.0192,0.3477977216243744,9.924649298597196e-05,1260,0.5672,0.6013568498194217,12620,1064.84581347,1764958304.497387
6084168.0,0.841593824326992,2.024,0.3568902015686035,9.90060120240481e-05,1263,0.5234,0.5656733980402351,12650,1115.533455198,1764958355.1850426
6278799.0,0.8490127436816692,2.0272,0.30277055501937866,9.884569138276554e-05,1265,0.4892,0.5405204592272639,12670,1151.308893605,1764958390.9604995
6385208.0,0.8389746107161045,2.0288,0.5337822437286377,9.876553106212426e-05,1266,0.5559,0.5732669796794653,12680,1169.669621902,1764958409.3212707
6475571.0,0.8441100209951401,2.0304,0.3928215205669403,9.868537074148297e-05,1267,0.4979,0.5368317376822234,12690,1186.767832603,1764958426.4193833
6569880.0,0.8233530476689339,2.032,0.4136669933795929,9.860521042084169e-05,1268,0.6033,0.6187308885157108,12700,1204.644907968,1764958444.2962787
6926846.0,0.8429465770721436,2.0384,0.37218335270881653,9.828456913827656e-05,1272,0.5232,0.5746653389185667,12740,1272.488372517,1764958512.1399517
7015176.0,0.8446915403008461,2.04,0.3292906880378723,9.820440881763527e-05,1273,0.516,0.563718149624765,12750,1288.992417957,1764958528.6439133
7114106.0,0.8300145819783211,2.0416,0.3588974177837372,9.8124248496994e-05,1274,0.5744,0.6017812306061388,12760,1306.951533698,1764958546.6031718
7200014.0,0.8376967780292034,2.0432,0.33175039291381836,9.80440881763527e-05,1275,0.5358,0.5821519555523992,12770,1323.558058831,1764958563.2094808
7285988.0,0.8429795540869236,2.0448,0.3432055711746216,9.796392785571142e-05,1276,0.5329,0.5449579613283276,12780,1339.928866297,1764958579.580324
7381737.0,0.8269702792167664,2.0464,0.41684970259666443,9.788376753507015e-05,1277,0.5452,0.6293939074501396,12790,1356.897229466,1764958596.54865
7656391.0,0.8369395434856415,2.0512,0.3703593909740448,9.76432865731463e-05,1280,0.545,0.5723632536828518,12820,1410.956090096,1764958650.6075552
7843205.0,0.8389599360525608,2.0544,0.3230191171169281,9.748296593186374e-05,1282,0.5254,0.5687511725351214,12840,1445.139860409,1764958684.7913926
7931663.0,0.8308177962899208,2.056,0.4142972230911255,9.740280561122245e-05,1283,0.5633,0.5963884446769953,12850,1462.663451655,1764958702.3134801
8030662.0,0.8408595465123654,2.0576,0.329064279794693,9.732264529058117e-05,1284,0.538,0.5770821187645196,12860,1480.507182088,1764958720.1587274
8119271.0,0.8323301754891872,2.0592,0.28596705198287964,9.724248496993989e-05,1285,0.5395,0.5813419692218303,12870,1497.866436602,1764958737.5179017
8308921.0,0.8300274617969989,2.0624,0.36343780159950256,9.708216432865732e-05,1287,0.5789,0.5871713481843471,12890,1533.000725299,1764958772.6522737
8403000.0,0.8326137013733387,2.064,0.4196847379207611,9.700200400801604e-05,1288,0.5635,0.6020173974335193,12900,1550.202024074,1764958789.8534682
8496983.0,0.8379123412072659,2.0656,0.3530884385108948,9.692184368737475e-05,1289,0.5246,0.5754242146387696,12910,1567.461249292,1764958807.1127546
8585713.0,0.8315985895693302,2.0672,0.3903176188468933,9.684168336673347e-05,1290,0.5572,0.5897589836269617,12920,1584.708817538,1764958824.3602612
8863599.0,0.8414226725697518,2.072,0.34747764468193054,9.660120240480962e-05,1293,0.5327,0.5714462026953697,12950,1636.544230407,1764958876.1956358
8947938.0,0.8336368843913078,2.0736,0.44544610381126404,9.652104208416835e-05,1294,0.549,0.6030908776447177,12960,1653.627661186,1764958893.2791858
9043636.0,0.8305258773267269,2.0752,0.3527364730834961,9.644088176352705e-05,1295,0.5816,0.5850493589416146,12970,1671.967939293,1764958911.6193964
9313607.0,0.8408746540546417,2.08,0.3619416654109955,9.62004008016032e-05,1298,0.534,0.5685388840734958,13000,1723.011676865,1764958962.663321
9587320.0,0.8294119939208031,2.0848,0.4557836651802063,9.595991983967937e-05,1301,0.5771,0.6098435755819083,13030,1776.173338506,1764959015.8247225
9687866.0,0.8460347943007946,2.0864,0.4277702271938324,9.587975951903808e-05,1302,0.5284,0.5494295179843902,13040,1794.341590698,1764959033.9928565
9775464.0,0.8429366610944271,2.088,0.3109349012374878,9.57995991983968e-05,1303,0.5136,0.5553174674510956,13050,1811.702763615,1764959051.3542366
9955299.0,0.8383023768663407,2.0912,0.3489106297492981,9.563927855711423e-05,1305,0.5241,0.5728722566738724,13070,1845.618820536,1764959085.270419
10149403.0,0.8448667332530022,2.0944,0.5218328237533569,9.547895791583167e-05,1307,0.5114,0.5444776330143213,13090,1880.057671452,1764959119.7092037
10232776.0,0.8450637228786946,2.096,0.39519158005714417,9.539879759519038e-05,1308,0.5148,0.5759016387164593,13100,1896.321107605,1764959135.9725533
10419415.0,0.8435470387339592,2.0992,0.463693231344223,9.523847695390782e-05,1310,0.4972,0.5611735297366977,13120,1930.876897795,1764959170.5284529
10516999.0,0.8518630191683769,2.1008,0.3658917546272278,9.515831663326655e-05,1311,0.5036,0.5340510111302137,13130,1948.217113228,1764959187.868711
11068964.0,0.8427756026387214,2.1104,0.3950234055519104,9.467735470941885e-05,1317,0.5045,0.5402489721775054,13190,2051.174503271,1764959290.825928
11157437.0,0.8332771547138691,2.112,0.458791047334671,9.459719438877755e-05,1318,0.5522,0.6093289539217949,13200,2068.485124107,1764959308.136561
11248221.0,0.8339857727289199,2.1136,0.41477879881858826,9.451703406813628e-05,1319,0.5523,0.5962437015026808,13210,2088.697726713,1764959328.3492854
11342346.0,0.8413489244878292,2.1152,0.4166940152645111,9.443687374749499e-05,1320,0.5244,0.5624772848561406,13220,2105.831585498,1764959345.4831183
11435086.0,0.8264299690723419,2.1168,0.35494256019592285,9.435671342685372e-05,1321,0.5842,0.6167573854327202,13230,2123.113501418,1764959362.7650516
11537641.0,0.8281111337244511,2.1184,0.41456693410873413,9.427655310621243e-05,1322,0.5874,0.613458140194416,13240,2140.591481829,1764959380.242923
11632922.0,0.842193179577589,2.12,0.35315316915512085,9.419639278557114e-05,1323,0.5359,0.5652156382799148,13250,2157.640744945,1764959397.2923484
11820142.0,0.8411239005625248,2.1232,0.3944237530231476,9.403607214428858e-05,1325,0.5418,0.5661928659304977,13270,2192.506247532,1764959432.157804
11906384.0,0.8438162073493004,2.1248,0.4742223024368286,9.39559118236473e-05,1326,0.5156,0.5691144958138465,13280,2209.23514596,1764959448.8867922
12476694.0,0.8364963874220848,2.1344,0.3634914755821228,9.34749498997996e-05,1332,0.5403,0.5847918257117272,13340,2315.562446376,1764959555.2139432
12566503.0,0.838114982843399,2.136,0.3401423394680023,9.339478957915833e-05,1333,0.5188,0.5927238449454307,13350,2332.619100181,1764959572.2705214
12658761.0,0.8326296493411064,2.1376,0.35555389523506165,9.331462925851703e-05,1334,0.5445,0.572693670913577,13360,2350.308920169,1764959589.960383
12757987.0,0.837315420806408,2.1391999999999998,0.40224674344062805,9.323446893787575e-05,1335,0.5491,0.586718843691051,13370,2367.944801447,1764959607.5963092
12844233.0,0.834492614865303,2.1408,0.37410688400268555,9.315430861723448e-05,1336,0.5651,0.5887917893007397,13380,2385.132782333,1764959624.784348
13105391.0,0.8353837832808495,2.1456,0.44222721457481384,9.291382765531063e-05,1339,0.5607,0.5887433607131243,13410,2439.724767421,1764959679.3762825
13291593.0,0.8509417325258255,2.1488,0.347499281167984,9.275350701402806e-05,1341,0.4947,0.544110631197691,13430,2474.343610744,1764959713.9949708
13378641.0,0.8407255195081234,2.1504,0.3701619803905487,9.267334669338678e-05,1342,0.5287,0.568985940143466,13440,2491.677071721,1764959731.3284328
13470933.0,0.8355470865964889,2.152,0.3874616324901581,9.25931863727455e-05,1343,0.554,0.595507104229182,13450,2509.193389549,1764959748.8448117
13557292.0,0.8428533151745796,2.1536,0.4676944315433502,9.251302605210421e-05,1344,0.5099,0.5489664895460009,13460,2526.287651096,1764959765.939053
13747925.0,0.8465743087232113,2.1568,0.4121426045894623,9.235270541082165e-05,1346,0.5075,0.5531680189073086,13480,2560.538815906,1764959800.1902316
13931767.0,0.843552578240633,2.16,0.36107775568962097,9.219238476953908e-05,1348,0.5014,0.5554267836734652,13500,2595.077121998,1764959834.728605
14018911.0,0.8520591676235199,2.1616,0.47346043586730957,9.21122244488978e-05,1349,0.4865,0.5474143648520112,13510,2612.48015032,1764959852.1316535
14290983.0,0.8407593406736851,2.1664,0.36116787791252136,9.187174348697395e-05,1352,0.5174,0.5788518635556101,13540,2665.003169997,1764959904.65469
14381239.0,0.8342080339789391,2.168,0.44721025228500366,9.179158316633268e-05,1353,0.5595,0.5783221025019885,13550,2681.742547528,1764959921.394001
14479997.0,0.8376440890133381,2.1696,0.28870150446891785,9.171142284569138e-05,1354,0.5505,0.5644982997328043,13560,2699.576177375,1764959939.2277844
14674246.0,0.8362254679203034,2.1728,0.42389848828315735,9.155110220440883e-05,1356,0.5524,0.5950469413772226,13580,2734.550745559,1764959974.2021425
14859771.0,0.8404600724577904,2.176,0.41595950722694397,9.139078156312626e-05,1358,0.533,0.5701166730374098,13600,2769.717865882,1764960009.369355
15055665.0,0.842958326637745,2.1792,0.3821209967136383,9.12304609218437e-05,1360,0.5176,0.5539515901356935,13620,2807.791046133,1764960047.442445
15139277.0,0.8460376977920532,2.1808,0.3657800853252411,9.115030060120241e-05,1361,0.5007,0.5722560092806817,13630,2824.807104096,1764960064.4586334
15226456.0,0.8452891685068608,2.1824,0.468805193901062,9.107014028056113e-05,1362,0.5237,0.5593848897144198,13640,2841.946735403,1764960081.5983493
15319320.0,0.8395040690898895,2.184,0.40812036395072937,9.098997995991984e-05,1363,0.5439,0.5658679457381368,13650,2859.600666002,1764960099.2522728
15504560.0,0.8383413553237915,2.1872,0.33769500255584717,9.082965931863728e-05,1365,0.5316,0.5767553750425577,13670,2893.800517029,1764960133.4519925
15595025.0,0.8238797232508659,2.1888,0.4049225449562073,9.0749498997996e-05,1366,0.5971,0.6149626744911074,13680,2911.274498352,1764960150.92602
15791665.0,0.8405780427157878,2.192,0.3405073583126068,9.058917835671343e-05,1368,0.5354,0.579492918588221,13700,2945.69447762,1764960185.3460426
15881092.0,0.8368716984987259,2.1936,0.36986514925956726,9.050901803607214e-05,1369,0.5445,0.5889903262257576,13710,2962.61462201,1764960202.2661424
15979080.0,0.8238304346799851,2.1952,0.41505753993988037,9.042885771543087e-05,1370,0.5959,0.58831697832793,13720,2980.19870821,1764960219.8502645
16071070.0,0.8472697958350182,2.1968,0.2553052604198456,9.034869739478958e-05,1371,0.5006,0.5653873670846223,13730,2997.267164175,1764960236.9186332
16258021.0,0.8393929608166217,2.2,0.45497414469718933,9.018837675350702e-05,1373,0.5426,0.5749477619305253,13750,3030.477826047,1764960270.1293964
16443698.0,0.8364104934036731,2.2032,0.3330345153808594,9.002805611222446e-05,1375,0.5449,0.5879062384366989,13770,3064.432581775,1764960304.08408
16540994.0,0.840693761408329,2.2048,0.48419156670570374,8.994789579158317e-05,1376,0.5215,0.592645909730345,13780,3081.740008979,1764960321.3914828
16804297.0,0.8284686908125878,2.2096,0.36616966128349304,8.970741482965933e-05,1379,0.58,0.6052149070426822,13810,3134.094512949,1764960373.7460413
16989261.0,0.8396829620003701,2.2128,0.34530729055404663,8.954709418837676e-05,1381,0.5492,0.56041514929384,13830,3168.008293833,1764960407.6598043
17277862.0,0.8325634017586708,2.2176,0.4802463948726654,8.930661322645291e-05,1384,0.5695,0.6177378121763468,13860,3219.690532866,1764960459.3421645
17371841.0,0.8373994000256062,2.2192,0.3489096164703369,8.922645290581163e-05,1385,0.5444,0.5882510358467699,13870,3236.612383443,1764960476.26403
17573035.0,0.8290521338582039,2.2224,0.38816243410110474,8.906613226452907e-05,1387,0.5782,0.595212084427476,13890,3271.593029089,1764960511.24458
17665824.0,0.8444507524371148,2.224,0.38875114917755127,8.898597194388778e-05,1388,0.5054,0.567714549973607,13900,3288.366761972,1764960528.01831
17766047.0,0.8329494386911392,2.2256,0.4045717120170593,8.890581162324649e-05,1389,0.5761,0.5953678030520677,13910,3305.99520801,1764960545.6466599
18046105.0,0.8283352077007293,2.2304,0.42188194394111633,8.866533066132266e-05,1392,0.5878,0.6059858102351428,13940,3357.795708803,1764960597.4472632
18142356.0,0.8480884775519371,2.232,0.33809220790863037,8.858517034068137e-05,1393,0.5117,0.5482302986085414,13950,3375.131923774,1764960614.7833033
18229700.0,0.8292367592453956,2.2336,0.45807260274887085,8.850501002004008e-05,1394,0.5654,0.5981374770402909,13960,3391.799888525,1764960631.4514244
18510479.0,0.8309983380138874,2.2384,0.41832560300827026,8.826452905811624e-05,1397,0.5638,0.5848838035017252,13990,3444.040875651,1764960683.6923752
18598631.0,0.8353159174323082,2.24,0.4340580999851227,8.818436873747496e-05,1398,0.5344,0.5986423693597317,14000,3460.742450379,1764960700.394004
18691747.0,0.8338574469089508,2.2416,0.5946618318557739,8.810420841683367e-05,1399,0.5672,0.6098679034039378,14010,3479.348945086,1764960719.0005352
18786349.0,0.8317342393100262,2.2432,0.4714433252811432,8.802404809619239e-05,1400,0.5612,0.5940086305141449,14020,3496.836110361,1764960736.4876378
18875057.0,0.8268631108105182,2.2448,0.4432983994483948,8.79438877755511e-05,1401,0.5784,0.6025555673986673,14030,3513.674316445,1764960753.3258402
18975660.0,0.8259076930582523,2.2464,0.3549729585647583,8.786372745490982e-05,1402,0.6067,0.6200181137770414,14040,3531.419389348,1764960771.070879
19069698.0,0.8445331521332264,2.248,0.38535603880882263,8.778356713426854e-05,1403,0.5043,0.579900392331183,14050,3548.258120772,1764960787.9096382
19167748.0,0.8405764468014241,2.2496,0.3736656606197357,8.770340681362726e-05,1404,0.5211,0.5690515730530024,14060,3565.395173076,1764960805.0468304
19254335.0,0.8350652530789375,2.2512,0.36551326513290405,8.762324649298597e-05,1405,0.5547,0.5691724240779876,14070,3582.274274274,1764960821.925763
19347085.0,0.8285142399370671,2.2528,0.4064220190048218,8.754308617234469e-05,1406,0.5764,0.6058015760034323,14080,3599.911662636,1764960839.5631812
19436087.0,0.8415719285607338,2.2544,0.3274117708206177,8.746292585170342e-05,1407,0.5456,0.5619398549199104,14090,3617.154392311,1764960856.8058898
19531529.0,0.8378668300807476,2.2560000000000002,0.36447349190711975,8.738276553106212e-05,1408,0.553,0.5809070849791169,14100,3634.672345809,1764960874.324
19733246.0,0.8313411504030228,2.2592,0.3802814781665802,8.722244488977957e-05,1410,0.5812,0.6009153906255961,14120,3670.717611067,1764960910.3692257
19828627.0,0.8508291445672512,2.2608,0.3947061598300934,8.714228456913827e-05,1411,0.5052,0.5221348008140921,14130,3687.60685285,1764960927.2584991
19918262.0,0.8383805938065052,2.2624,0.34865275025367737,8.7062124248497e-05,1412,0.5309,0.5893833562731743,14140,3704.443060357,1764960944.0946155
20017143.0,0.8370304174721241,2.2640000000000002,0.4724636375904083,8.698196392785572e-05,1413,0.5431,0.5806795554235578,14150,3721.377675749,1764960961.0291545
20116921.0,0.8362424336373806,2.2656,0.40804386138916016,8.690180360721444e-05,1414,0.5448,0.584688440617174,14160,3738.751644614,1764960978.4031003
20296594.0,0.8455238968133927,2.2688,0.3370590806007385,8.674148296593187e-05,1416,0.5246,0.5514848734252155,14180,3772.954711957,1764961012.6062946
20393700.0,0.845198830217123,2.2704,0.4537109434604645,8.666132264529059e-05,1417,0.528,0.538666357845068,14190,3790.356676948,1764961030.0082855
20481179.0,0.842219416052103,2.2720000000000002,0.3529980182647705,8.65811623246493e-05,1418,0.5188,0.5699094683863223,14200,3807.420109417,1764961047.0716507
20582806.0,0.8407842792570591,2.2736,0.380460262298584,8.650100200400802e-05,1419,0.5378,0.5721325589343905,14210,3826.784877772,1764961066.436422
20675205.0,0.8352315321564674,2.2752,0.4045341908931732,8.642084168336674e-05,1420,0.5703,0.5782196676358581,14220,3843.770292968,1764961083.421889
20762976.0,0.8333295330405235,2.2768,0.34511953592300415,8.634068136272545e-05,1421,0.5572,0.5906136916950345,14230,3860.320204571,1764961099.971777
21030937.0,0.829453457891941,2.2816,0.38438573479652405,8.610020040080162e-05,1424,0.5675,0.6102051647379995,14260,3910.650333206,1764961150.3018296
21121044.0,0.8219658032059669,2.2832,0.4247843027114868,8.602004008016032e-05,1425,0.6104,0.6307887747883797,14270,3927.820661316,1764961167.472204
21312717.0,0.8259157963097096,2.2864,0.3662467896938324,8.585971943887777e-05,1427,0.5928,0.6032137561589479,14290,3962.753390953,1764961202.4049728
21506429.0,0.8369248524308205,2.2896,0.4094614088535309,8.56993987975952e-05,1429,0.5446,0.6000085661187768,14310,3997.205958234,1764961236.857547
21599653.0,0.8445106856524944,2.2912,0.3699384331703186,8.561923847695392e-05,1430,0.5403,0.5590491190552711,14320,4014.256049962,1764961253.9076343
21687663.0,0.8402958050370216,2.2928,0.4360584318637848,8.553907815631262e-05,1431,0.522,0.5743828855454922,14330,4030.425344566,1764961270.076914
21779123.0,0.8294981859624386,2.2944,0.5318695306777954,8.545891783567135e-05,1432,0.5517,0.6026903703808785,14340,4047.140255655,1764961286.7918043
21869602.0,0.8364230096340179,2.296,0.48802098631858826,8.537875751503005e-05,1433,0.5453,0.5764098085463047,14350,4064.2247761,1764961303.876335
21963864.0,0.8379904262721538,2.2976,0.3824072778224945,8.529859719438878e-05,1434,0.5378,0.5833684610202908,14360,4081.123803193,1764961320.7753196
22048593.0,0.8356738418340683,2.2992,0.3426748812198639,8.52184368737475e-05,1435,0.5344,0.6019182628020644,14370,4097.723108026,1764961337.3746128
22229906.0,0.8440995700657368,2.3024,0.383758008480072,8.505811623246493e-05,1437,0.5287,0.5766621427610517,14390,4131.254056598,1764961370.9056823
22430108.0,0.8416476547718048,2.3056,0.3853217363357544,8.489779559118237e-05,1439,0.5199,0.5683685602620244,14410,4167.426929174,1764961407.0784907
22516569.0,0.8342858500778675,2.3072,0.34378135204315186,8.481763527054108e-05,1440,0.5488,0.568767711147666,14420,4184.381237518,1764961424.0328333
22609469.0,0.8423835948109627,2.3088,0.306661993265152,8.473747494989982e-05,1441,0.5339,0.565355989150703,14430,4201.201432428,1764961440.8530354
22801072.0,0.8198783725500107,2.312,0.39128005504608154,8.457715430861724e-05,1443,0.6411,0.6306366082280874,14450,4236.528940842,1764961476.1805835
23004401.0,0.8318510040640831,2.3152,0.41050562262535095,8.441683366733467e-05,1445,0.5731,0.6098340976983309,14470,4272.223142206,1764961511.8746972
23094947.0,0.8338023945689201,2.3168,0.3923649489879608,8.43366733466934e-05,1446,0.5677,0.5825630236417055,14480,4289.200748439,1764961528.8522701
23183113.0,0.8248943135142326,2.3184,0.37432900071144104,8.42565130260521e-05,1447,0.6055,0.6240020368248225,14490,4306.261159254,1764961545.9126828
23267430.0,0.8452928140759468,2.32,0.3613739013671875,8.417635270541082e-05,1448,0.5097,0.5495010515674948,14500,4322.733120006,1764961562.3846412
23355051.0,0.8299574062228203,2.3216,0.4113476574420929,8.409619238476955e-05,1449,0.5699,0.6107145028188825,14510,4339.42169644,1764961579.073212
23450901.0,0.8354058615863323,2.3232,0.38171303272247314,8.401603206412825e-05,1450,0.5424,0.5760227425023914,14520,4356.83930376,1764961596.490793
23533449.0,0.8314564965665341,2.3247999999999998,0.44596636295318604,8.393587174348698e-05,1451,0.5509,0.6075963970273733,14530,4373.617442802,1764961613.2690775
23634436.0,0.8317859254777431,2.3264,0.3409927189350128,8.38557114228457e-05,1452,0.5775,0.5904552608728408,14540,4391.013819051,1764961630.665427
23808585.0,0.824427442997694,2.3296,0.536464512348175,8.369539078156313e-05,1454,0.5935,0.6392605271190405,14560,4424.304881526,1764961663.9565032
23992697.0,0.8387349605560303,2.3327999999999998,0.3306889832019806,8.353507014028057e-05,1456,0.5206,0.5653722178190946,14580,4458.419053362,1764961698.0704682
24078107.0,0.839940145611763,2.3344,0.33059144020080566,8.345490981963928e-05,1457,0.5504,0.6043108265846968,14590,4475.27406078,1764961714.9256706
24164876.0,0.833940503001213,2.336,0.3910847008228302,8.3374749498998e-05,1458,0.5336,0.5693833304569125,14600,4492.655343456,1764961732.3067198
24250773.0,0.8369095295667648,2.3376,0.35392484068870544,8.329458917835672e-05,1459,0.5347,0.6022106770426034,14610,4510.891624508,1764961750.5432804
24345886.0,0.8354772530496121,2.3392,0.38102948665618896,8.321442885771543e-05,1460,0.5474,0.569284545071423,14620,4528.294478898,1764961767.9459615
24441123.0,0.834969288110733,2.3407999999999998,0.46344226598739624,8.313426853707415e-05,1461,0.5451,0.5714336654171348,14630,4545.874199122,1764961785.5257068
24615137.0,0.8359777219593525,2.344,0.39669981598854065,8.297394789579158e-05,1463,0.5396,0.6001359894871712,14650,4579.744101313,1764961819.3956494
24705575.0,0.8286723338067532,2.3456,0.3313949406147003,8.28937875751503e-05,1464,0.5789,0.600057278573513,14660,4596.742008788,1764961836.3934705
24807206.0,0.8427747011184692,2.3472,0.3453274965286255,8.281362725450902e-05,1465,0.5447,0.5423409217968583,14670,4614.214971606,1764961853.8665583
24902903.0,0.8245723456144333,2.3487999999999998,0.37129735946655273,8.273346693386775e-05,1466,0.5947,0.628850207477808,14680,4631.709099478,1764961871.360597
24998594.0,0.8334463618695735,2.3504,0.39875295758247375,8.265330661322645e-05,1467,0.5517,0.5946686297655106,14690,4649.141464512,1764961888.7930498
25090624.0,0.836877416074276,2.352,0.4276779294013977,8.257314629258518e-05,1468,0.543,0.5716328204609453,14700,4666.265753551,1764961905.9172683
25181086.0,0.8353562489151954,2.3536,0.3519120514392853,8.24929859719439e-05,1469,0.5478,0.5844591857865453,14710,4683.392240568,1764961923.043887
25272776.0,0.836482685059309,2.3552,0.38209807872772217,8.24128256513026e-05,1470,0.5464,0.5759625405073165,14720,4700.640173569,1764961940.2917037
25362618.0,0.8347315065562725,2.3568,0.49756816029548645,8.233266533066133e-05,1471,0.5471,0.5846699887886644,14730,4717.774499021,1764961957.426093
25451900.0,0.8371958442032337,2.3584,0.3884661793708801,8.225250501002005e-05,1472,0.5464,0.5686708534136414,14740,4735.227283016,1764961974.878781
25546584.0,0.8369704060256481,2.36,0.5084841847419739,8.217234468937876e-05,1473,0.5584,0.5766697838902474,14750,4752.598711074,1764961992.2502348
25738837.0,0.8394494235515595,2.3632,0.39222094416618347,8.20120240480962e-05,1475,0.5583,0.5736631043255329,14770,4787.410089283,1764962027.0614862
25933371.0,0.8157778516411781,2.3664,0.38143235445022583,8.185170340681363e-05,1477,0.6327,0.6258285535499454,14790,4822.362821616,1764962062.0143101
26027254.0,0.8403167650103569,2.368,0.4461776614189148,8.177154308617235e-05,1478,0.5403,0.568602854013443,14800,4839.380047391,1764962079.0315762
26116046.0,0.8345581516623497,2.3696,0.5291341543197632,8.169138276553106e-05,1479,0.5562,0.5978315418586135,14810,4858.188768289,1764962097.840345
26210156.0,0.8386923342943191,2.3712,0.37675586342811584,8.161122244488978e-05,1480,0.5426,0.577969023399055,14820,4875.064362492,1764962114.715892
26302605.0,0.83604601547122,2.3728,0.5374168753623962,8.15310621242485e-05,1481,0.5271,0.5749584309756756,14830,4891.942563068,1764962131.5940092
26391233.0,0.83256666213274,2.3744,0.41446927189826965,8.145090180360721e-05,1482,0.549,0.5945305900648237,14840,4908.51696926,1764962148.168522
26575048.0,0.8394757702946662,2.3776,0.43798187375068665,8.129058116232465e-05,1484,0.5276,0.5727791797369719,14860,4942.479040559,1764962182.1305838
26676109.0,0.8347475163638591,2.3792,0.5029743909835815,8.121042084168336e-05,1485,0.5702,0.5829572144895792,14870,4960.047176223,1764962199.6987147
27055650.0,0.8482163533568382,2.3856,0.3798210322856903,8.088977955911824e-05,1489,0.5063,0.5500656966120004,14910,5028.629436014,1764962268.2808063
27148985.0,0.8436535403132439,2.3872,0.42524877190589905,8.080961923847695e-05,1490,0.5284,0.5754595367237926,14920,5045.66753521,1764962285.319084
27236706.0,0.8317220814526081,2.3888,0.40672123432159424,8.072945891783568e-05,1491,0.545,0.5900113934651017,14930,5062.424108429,1764962302.0756366
27318021.0,0.8384222984313965,2.3904,0.38292360305786133,8.06492985971944e-05,1492,0.5148,0.5738079831004143,14940,5078.758046304,1764962318.4094307
27405841.0,0.8366934061050415,2.392,0.3573572337627411,8.056913827655311e-05,1493,0.5574,0.5914372084662318,14950,5095.707470355,1764962335.358908
27677671.0,0.8254853285849094,2.3968,0.4443036913871765,8.032865731462926e-05,1496,0.5947,0.6130022510886193,14980,5147.261729646,1764962386.9131875
27874485.0,0.8453723423182964,2.4,0.40848806500434875,8.01683366733467e-05,1498,0.5016,0.5530158968642354,15000,5181.23913647,1764962420.8906038
27961067.0,0.8454331301152707,2.4016,0.43403181433677673,8.008817635270541e-05,1499,0.516,0.5701319072395563,15010,5199.321286765,1764962438.972924
28169936.0,0.8298390880227089,2.4048,0.3589630722999573,7.992785571142284e-05,1501,0.5634,0.6120406620204448,15030,5234.698430676,1764962474.3499339
28268231.0,0.8397925965487957,2.4064,0.3842773139476776,7.984769539078156e-05,1502,0.5474,0.5843187127262354,15040,5252.24980658,1764962491.9013133
28368065.0,0.8385760456323623,2.408,0.3727572560310364,7.976753507014029e-05,1503,0.541,0.5740093560889363,15050,5269.698693562,1764962509.350224
28836695.0,0.8448377959430218,2.416,0.39122575521469116,7.936673346693388e-05,1508,0.5259,0.5634622283279895,15100,5355.721038591,1764962595.3725998
28925010.0,0.8397518023848534,2.4176,0.3701828718185425,7.928657314629259e-05,1509,0.5432,0.5690089127980172,15110,5372.408893468,1764962612.0605624
29017592.0,0.8368452817201615,2.4192,0.34697774052619934,7.920641282565131e-05,1510,0.5567,0.5723573353141547,15120,5389.767758352,1764962629.4193463
29205957.0,0.8365710586309433,2.4224,0.422277569770813,7.904609218436874e-05,1512,0.5564,0.5896796889603138,15140,5423.731821925,1764962663.383318
29304987.0,0.8376928545534611,2.424,0.3855864405632019,7.896593186372746e-05,1513,0.5475,0.5836896674707532,15150,5441.166517824,1764962680.8177218
29492087.0,0.8412937663495541,2.4272,0.3741439878940582,7.880561122244489e-05,1515,0.5282,0.563864117860794,15170,5474.933263157,1764962714.5848935
29578399.0,0.8387695975601673,2.4288,0.39068058133125305,7.872545090180361e-05,1516,0.5174,0.5718702036887408,15180,5491.493180699,1764962731.1447997
29666797.0,0.8374748840928078,2.4304,0.3684588372707367,7.864529058116233e-05,1517,0.5422,0.5704402145929635,15190,5508.022499127,1764962747.6739419
29861460.0,0.8371608912944793,2.4336,0.3589541018009186,7.848496993987976e-05,1519,0.5524,0.5409016421064734,15210,5544.214522942,1764962783.8660386
29958910.0,0.8314446054399014,2.4352,0.3810848593711853,7.840480961923849e-05,1520,0.5836,0.6219319280236959,15220,5561.448173326,1764962801.0996363
30049025.0,0.8197535149753093,2.4368,0.4259704053401947,7.832464929859719e-05,1521,0.6058,0.6668676359578967,15230,5578.46973769,1764962818.1211636
30136758.0,0.8484969638288021,2.4384,0.3884187638759613,7.824448897795592e-05,1522,0.4936,0.5367716781795024,15240,5594.838840417,1764962834.4904695
30231124.0,0.8403678089380264,2.44,0.36396095156669617,7.816432865731464e-05,1523,0.5189,0.5848356975242496,15250,5612.112442458,1764962851.764022
30330890.0,0.8251802437007427,2.4416,0.3828924894332886,7.808416833667334e-05,1524,0.5742,0.6162455052137374,15260,5629.627226803,1764962869.278694
30418722.0,0.8347174905240535,2.4432,0.40179339051246643,7.800400801603207e-05,1525,0.5436,0.5895357728004456,15270,5646.412851789,1764962886.0643704
30514081.0,0.8398263186216355,2.4448,0.4036825895309448,7.792384769539079e-05,1526,0.5328,0.5725427079945803,15280,5663.886570973,1764962903.5380905
30797561.0,0.8407600030303002,2.4496,0.4258468747138977,7.768336673346694e-05,1529,0.5188,0.5947741284966469,15310,5714.620532833,1764962954.2720428
30880222.0,0.8351030848920346,2.4512,0.4236688017845154,7.760320641282566e-05,1530,0.555,0.6098659684881568,15320,5731.154030627,1764962970.8056269
30972227.0,0.835722304880619,2.4528,0.3699946403503418,7.752304609218437e-05,1531,0.5496,0.6075263489037752,15330,5748.20346677,1764962987.8548574
31072253.0,0.8315816648304463,2.4544,0.4100561738014221,7.744288577154309e-05,1532,0.5581,0.582848640717566,15340,5766.189203959,1764963005.8407898
31455457.0,0.8374070011079311,2.4608,0.36851850152015686,7.712224448897796e-05,1536,0.5395,0.5787179313600064,15380,5835.53170574,1764963075.1832461
31732607.0,0.8356626465916633,2.4656000000000002,0.37011510133743286,7.688176352705411e-05,1539,0.5386,0.5951454238966107,15410,5889.21950188,1764963128.8710635
31825634.0,0.8275745190680027,2.4672,0.4244450628757477,7.680160320641284e-05,1540,0.6009,0.5986146310344338,15420,5906.727957362,1764963146.3795886
32112424.0,0.8291554436087608,2.472,0.32456573843955994,7.656112224448899e-05,1543,0.606,0.5991831829771399,15450,5959.479063928,1764963199.1304379
32309844.0,0.8414409287273884,2.4752,0.37017884850502014,7.640080160320642e-05,1545,0.5297,0.5706106470897794,15470,5994.850243723,1764963234.5017426
32583847.0,0.840690615773201,2.48,0.32460054755210876,7.616032064128257e-05,1548,0.513,0.5662613144144416,15500,6045.931720069,1764963285.5832086
32677683.0,0.8561718687415123,2.4816,0.3697786331176758,7.608016032064129e-05,1549,0.4867,0.5415129445493221,15510,6063.045117744,1764963302.6966097
32773596.0,0.8308325782418251,2.4832,0.5550196766853333,7.6e-05,1550,0.6007,0.605267557501793,15520,6080.270631618,1764963319.9221435
32870556.0,0.8259466372430324,2.4848,0.324352502822876,7.591983967935872e-05,1551,0.5955,0.5997642423957587,15530,6097.775325854,1764963337.4268785
32962399.0,0.8459284752607346,2.4864,0.3297980725765228,7.583967935871744e-05,1552,0.5094,0.5614795804023742,15540,6114.486655132,1764963354.1382902
33056119.0,0.8478229142725467,2.488,0.4144052565097809,7.575951903807615e-05,1553,0.498,0.562256969884038,15550,6131.079343326,1764963370.7309263
33336515.0,0.8309037983417511,2.4928,0.4106239676475525,7.55190380761523e-05,1556,0.5498,0.6013120636343956,15580,6183.333281896,1764963422.9846132
33437122.0,0.8349239118397236,2.4944,0.3480087220668793,7.543887775551103e-05,1557,0.5518,0.5729654435068369,15590,6201.149086405,1764963440.8006897
33613706.0,0.830263402312994,2.4976,0.48007145524024963,7.527855711422847e-05,1559,0.5554,0.620942167378962,15610,6236.267329662,1764963475.9189014
33703962.0,0.8369384594261646,2.4992,0.4110221862792969,7.519839679358717e-05,1560,0.5489,0.5653578327968717,15620,6252.966963058,1764963492.6184266
33794553.0,0.8311429604887962,2.5008,0.40480339527130127,7.511823647294589e-05,1561,0.5847,0.5917033540084958,15630,6270.121345501,1764963509.7727895
33884900.0,0.8482678331434726,2.5023999999999997,0.4358130395412445,7.503807615230462e-05,1562,0.4868,0.5499260321259498,15640,6286.84003618,1764963526.4915829
33977285.0,0.8246968805789947,2.504,0.4059355854988098,7.495791583166332e-05,1563,0.601,0.6047828665003181,15650,6304.076566143,1764963543.7280786
34161931.0,0.8262148387730122,2.5072,0.38258203864097595,7.479759519038077e-05,1565,0.5863,0.6349641380831599,15670,6338.631888379,1764963578.2834072
34448402.0,0.8333695568144321,2.512,0.351172536611557,7.455711422845692e-05,1568,0.5729,0.5773244915530086,15700,6391.183729387,1764963630.8353236
34542684.0,0.8325406908988953,2.5136,0.47474271059036255,7.447695390781564e-05,1569,0.5615,0.595678424462676,15710,6408.2625018,1764963647.9140608
34635594.0,0.8356330193579197,2.5152,0.4351159632205963,7.439679358717435e-05,1570,0.5525,0.5909245643764734,15720,6425.329296921,1764963664.9807963
34735362.0,0.8430229477584362,2.5168,0.3117235600948334,7.431663326653307e-05,1571,0.5088,0.560248788446188,15730,6442.450770698,1764963682.1017618
35008382.0,0.8352378129959106,2.5216,0.33980754017829895,7.407615230460922e-05,1574,0.5411,0.5929360257461667,15760,6493.150316107,1764963732.8017464
35104013.0,0.8292984694242478,2.5232,0.34949442744255066,7.399599198396794e-05,1575,0.5735,0.608980112336576,15770,6510.69421419,1764963750.345724
35397637.0,0.8384414650499821,2.528,0.3394335210323334,7.375551102204409e-05,1578,0.5607,0.5810981947928667,15800,6563.652759504,1764963803.3042705
35570539.0,0.8368931286036968,2.5312,0.39491912722587585,7.359519038076152e-05,1580,0.5674,0.5643422592431306,15820,6598.733758528,1764963838.3853316
35665168.0,0.8313920833170414,2.5328,0.481711208820343,7.351503006012025e-05,1581,0.5631,0.5977660063654184,15830,6616.183837877,1764963855.8354294
35748822.0,0.824589266628027,2.5343999999999998,0.36412978172302246,7.343486973947897e-05,1582,0.5797,0.6251557044684887,15840,6632.972610703,1764963872.6241999
35835686.0,0.8472238168120384,2.536,0.434312105178833,7.335470941883767e-05,1583,0.4979,0.5535901702940464,15850,6649.952605243,1764963889.6041882
35932199.0,0.8321139968931675,2.5376,0.389053076505661,7.32745490981964e-05,1584,0.5415,0.5937700571492315,15860,6667.785973005,1764963907.4375713
36027624.0,0.829560375213623,2.5392,0.351929247379303,7.319438877755512e-05,1585,0.5813,0.602055480517447,15870,6685.279910253,1764963924.9315197
36211760.0,0.836419116705656,2.5423999999999998,0.4684215784072876,7.303406813627255e-05,1587,0.5326,0.5753967501223087,15890,6719.894600846,1764963959.5462344
36310475.0,0.8376834139227867,2.544,0.5612598657608032,7.295390781563127e-05,1588,0.5555,0.5777535647153854,15900,6736.861796,1764963976.5133195
36413023.0,0.8363545417785645,2.5456,0.3174867033958435,7.287374749498998e-05,1589,0.545,0.5675391310825944,15910,6753.954146831,1764963993.6057315
36501297.0,0.8342670172452926,2.5472,0.31470656394958496,7.27935871743487e-05,1590,0.5658,0.5902596401050687,15920,6771.112749997,1764964010.7642365
36604880.0,0.8402950130403042,2.5488,0.37009698152542114,7.271342685370742e-05,1591,0.5466,0.5742423243820667,15930,6789.085790015,1764964028.7373016
36699624.0,0.840172503143549,2.5504,0.40606173872947693,7.263326653306613e-05,1592,0.5384,0.5668256033211947,15940,6806.181608781,1764964045.8331354
36969188.0,0.8418116725981235,2.5552,0.3768518269062042,7.239278557114228e-05,1595,0.526,0.5616893427446484,15970,6857.147074721,1764964096.7986531
37148853.0,0.8341720953583718,2.5584,0.4029637277126312,7.223246492985972e-05,1597,0.5561,0.600320334546268,15990,6891.455772054,1764964131.1072736
37333124.0,0.840897836536169,2.5616,0.42987409234046936,7.207214428857716e-05,1599,0.5195,0.5540124515071512,16010,6928.095633776,1764964167.7470758
37430248.0,0.8412372030317783,2.5632,0.4571654796600342,7.199198396793587e-05,1600,0.5095,0.5757738143205643,16020,6945.33832179,1764964184.989819
37524796.0,0.8387398347258568,2.5648,0.35809993743896484,7.19118236472946e-05,1601,0.5295,0.5654117250815034,16030,6962.487820613,1764964202.139451
37611408.0,0.8357744425535202,2.5664,0.3603975772857666,7.183166332665331e-05,1602,0.5563,0.573894732631743,16040,6979.586584145,1764964219.2380743
37703744.0,0.8355203226208687,2.568,0.48717671632766724,7.175150300601203e-05,1603,0.5404,0.5889259019866586,16050,6997.046770424,1764964236.698212
37796486.0,0.8326297841966153,2.5696,0.3053813576698303,7.167134268537075e-05,1604,0.5506,0.5935101013630628,16060,7014.527496511,1764964254.1788573
37887100.0,0.8406539909541607,2.5712,0.47703438997268677,7.159118236472946e-05,1605,0.5424,0.5649298837408423,16070,7032.050075917,1764964271.7015088
37975223.0,0.8385456576943398,2.5728,0.3204464316368103,7.151102204408818e-05,1606,0.5261,0.5827288713306189,16080,7048.630920585,1764964288.2823749
38157900.0,0.8300109550356864,2.576,0.3846839368343353,7.135070140280561e-05,1608,0.5696,0.5897314500063657,16100,7083.149596812,1764964322.8012269
38243068.0,0.8294413059949874,2.5776,0.3228234350681305,7.127054108216433e-05,1609,0.5812,0.6299777457490563,16110,7099.700346857,1764964339.3518796
38436682.0,0.8470550939440727,2.5808,0.41186729073524475,7.111022044088176e-05,1611,0.505,0.5495606776326895,16130,7133.823927976,1764964373.4755466
38535582.0,0.8452678583562374,2.5824,0.38073357939720154,7.103006012024048e-05,1612,0.5384,0.5585423743352294,16140,7151.151532949,1764964390.8030832
38623034.0,0.8403354540467263,2.584,0.36069920659065247,7.094989979959921e-05,1613,0.5283,0.5789521930739283,16150,7168.280962291,1764964407.932488
38713642.0,0.8275946415960789,2.5856,0.382344514131546,7.086973947895791e-05,1614,0.5946,0.6123686678707599,16160,7185.302374722,1764964424.9537807
38995079.0,0.8280047334730625,2.5904,0.4043568968772888,7.062925851703406e-05,1617,0.5821,0.6109083604067564,16190,7238.055528973,1764964477.706986
39169203.0,0.8505484573543072,2.5936,0.3744559586048126,7.046893787575151e-05,1619,0.4867,0.5539304437115788,16210,7274.173933523,1764964513.8255322
39268199.0,0.8332757711410522,2.5952,0.4149060845375061,7.038877755511021e-05,1620,0.5634,0.6129698570817709,16220,7292.058262254,1764964531.709765
39353582.0,0.8434127733111382,2.5968,0.3320775032043457,7.030861723446894e-05,1621,0.5351,0.5562530094757676,16230,7308.624403598,1764964548.2757828
39441214.0,0.8241596028208733,2.5984,0.40609291195869446,7.022845691382766e-05,1622,0.5843,0.6246046379208565,16240,7325.695639486,1764964565.347176
39627795.0,0.835457930713892,2.6016,0.4673779308795929,7.00681362725451e-05,1624,0.5758,0.5906044911593199,16260,7360.595256628,1764964600.2466633
39804417.0,0.8329910188913345,2.6048,0.37928956747055054,6.990781563126253e-05,1626,0.567,0.6079994305968285,16280,7394.700209424,1764964634.351701
39894791.0,0.8309038378298282,2.6064,0.4204065799713135,6.982765531062124e-05,1627,0.5824,0.612701828032732,16290,7412.127116318,1764964651.7786922
39983757.0,0.8256992794573307,2.608,0.3418349325656891,6.974749498997996e-05,1628,0.5903,0.6286176543682813,16300,7428.878895144,1764964668.5303776
40076717.0,0.838173434883356,2.6096,0.4015176594257355,6.966733466933868e-05,1629,0.5316,0.5841289605945349,16310,7445.956491161,1764964685.607931
40170375.0,0.8451942518353462,2.6112,0.3861899673938751,6.95871743486974e-05,1630,0.5044,0.5551046390086413,16320,7463.243975212,1764964702.8955631
40923526.0,0.8329793818295002,2.624,0.35171476006507874,6.894589178356714e-05,1638,0.5583,0.5949392264708877,16400,7601.904560761,1764964841.5561397
41019905.0,0.8258567780256272,2.6256,0.3707974851131439,6.886573146292586e-05,1639,0.5625,0.6286340814083815,16410,7620.769657281,1764964860.421095
41109815.0,0.8299089945852757,2.6272,0.44831568002700806,6.878557114228458e-05,1640,0.5839,0.6055918540805578,16420,7637.615017276,1764964877.2665215
41301684.0,0.8417539164423943,2.6304,0.36115509271621704,6.862525050100201e-05,1642,0.5338,0.5645187174901366,16440,7672.487529929,1764964912.1389227
41402772.0,0.8364206776022911,2.632,0.3458673059940338,6.854509018036073e-05,1643,0.5248,0.5921759456396103,16450,7690.260028192,1764964929.9116447
41487260.0,0.826190460473299,2.6336,0.3967977464199066,6.846492985971944e-05,1644,0.6065,0.6112379591912032,16460,7707.169719649,1764964946.821197
41665972.0,0.8384481132030487,2.6368,0.2916160225868225,6.830460921843688e-05,1646,0.5455,0.5685135604813695,16480,7741.013094418,1764964980.664659
41856603.0,0.8224321715533733,2.64,0.4074711501598358,6.814428857715431e-05,1648,0.6068,0.6402154274284839,16500,7775.943968568,1764965015.5954924
41969139.0,0.8328279964625835,2.6416,0.3555011451244354,6.806412825651303e-05,1649,0.582,0.5887494703754783,16510,7794.714970212,1764965034.366536
42058091.0,0.8316084995865822,2.6432,0.38366690278053284,6.798396793587176e-05,1650,0.5715,0.5895417815074324,16520,7812.045943155,1764965051.6973214
42242736.0,0.8211751088500023,2.6464,0.3797009289264679,6.782364729458918e-05,1652,0.6189,0.6193184250965714,16540,7846.368319971,1764965086.0198057
42331940.0,0.8365888088941574,2.648,0.39558038115501404,6.77434869739479e-05,1653,0.544,0.5851585276424884,16550,7863.347000394,1764965102.9983659
42423550.0,0.8232020519673824,2.6496,0.47982627153396606,6.766332665330661e-05,1654,0.6075,0.6351194607093931,16560,7880.560743483,1764965120.2122865
42512624.0,0.8357723519206047,2.6512000000000002,0.4165014326572418,6.758316633266534e-05,1655,0.5464,0.5880871996283531,16570,7898.030768857,1764965137.6822867
42612537.0,0.8280992738902568,2.6528,0.34036436676979065,6.750300601202406e-05,1656,0.574,0.5998527439311147,16580,7915.559651267,1764965155.2111828
42700014.0,0.8360357709228993,2.6544,0.43699193000793457,6.742284569138276e-05,1657,0.5437,0.6062539735808968,16590,7932.470366519,1764965172.1219335
42799639.0,0.8393663845956325,2.656,0.44640567898750305,6.734268537074149e-05,1658,0.5432,0.5672623297199607,16600,7950.143718873,1764965189.7951965
42887540.0,0.8302226543426514,2.6576,0.38126882910728455,6.72625250501002e-05,1659,0.5668,0.5982264198362828,16610,7969.45986261,1764965209.1114423
42974566.0,0.8312774427235127,2.6592000000000002,0.530754566192627,6.718236472945892e-05,1660,0.5761,0.5981489691883326,16620,7986.333867467,1764965225.9853103
43065692.0,0.8314756393432617,2.6608,0.3414652347564697,6.710220440881764e-05,1661,0.56,0.600302715972066,16630,8003.141151637,1764965242.7925873
43256782.0,0.8277030557394027,2.664,0.3512556552886963,6.694188376753507e-05,1663,0.5773,0.6336506079882384,16650,8038.3548682,1764965278.0062397
43617753.0,0.8401186898350715,2.6704,0.37928929924964905,6.662124248496995e-05,1667,0.5379,0.5898103157058359,16690,8105.819368726,1764965345.4708889
43907011.0,0.8340998075902462,2.6752000000000002,0.44648176431655884,6.63807615230461e-05,1670,0.5696,0.6010980954393744,16720,8158.193996659,1764965397.8454537
43996934.0,0.8322857826948166,2.6768,0.4793373644351959,6.630060120240481e-05,1671,0.565,0.6058292061090469,16730,8175.556020376,1764965415.2074058
44180547.0,0.8379514150321483,2.68,0.38389256596565247,6.614028056112225e-05,1673,0.5244,0.5895781803876161,16750,8209.491026565,1764965449.1426656
44362523.0,0.8286593422293663,2.6832000000000003,0.4153764247894287,6.597995991983969e-05,1675,0.5743,0.6162536108866334,16770,8243.403126449,1764965483.0546427
44641207.0,0.8300384402275085,2.6879999999999997,0.3274678885936737,6.573947895791584e-05,1678,0.5671,0.5958272544667125,16800,8295.915586643,1764965535.567156
44727015.0,0.8354935266077519,2.6896,0.47288939356803894,6.565931863727454e-05,1679,0.5538,0.5793768459931016,16810,8315.083179397,1764965554.7346265
44814459.0,0.8424192883074284,2.6912000000000003,0.5427723526954651,6.557915831663327e-05,1680,0.512,0.5623199973255396,16820,8332.38266636,1764965572.0341265
45095723.0,0.8402247816324234,2.6959999999999997,0.4621121883392334,6.533867735470942e-05,1683,0.5675,0.5800985917448997,16850,8384.413051754,1764965624.0645523
45190041.0,0.8339018546044826,2.6976,0.3858703374862671,6.525851703406814e-05,1684,0.547,0.5879641473293304,16860,8401.354405127,1764965641.0058956
45278463.0,0.83575594201684,2.6992000000000003,0.4498327672481537,6.517835671342685e-05,1685,0.5529,0.5903635105118156,16870,8418.518134242,1764965658.16961
45462494.0,0.838272450119257,2.7024,0.3264923393726349,6.50180360721443e-05,1687,0.5374,0.5706196524202823,16890,8453.212936996,1764965692.8644276
45646333.0,0.8351176105439663,2.7056,0.42483142018318176,6.485771543086174e-05,1689,0.5708,0.5846936039626598,16910,8487.803599602,1764965727.4551616
45825633.0,0.8354089640080928,2.7088,0.5435793995857239,6.469739478957915e-05,1691,0.5625,0.5813468812033534,16930,8522.212073226,1764965761.8636744
45918456.0,0.8269190825521946,2.7104,0.3670591711997986,6.461723446893789e-05,1692,0.5745,0.6124072436243295,16940,8539.519546288,1764965779.1709452
46108990.0,0.8430437318980694,2.7136,0.44445380568504333,6.445691382765532e-05,1694,0.5358,0.5761203981935978,16960,8574.632177057,1764965814.2838
46200300.0,0.8383379898965359,2.7152,0.39579617977142334,6.437675350701404e-05,1695,0.5456,0.5712378673255444,16970,8591.832864879,1764965831.48437
46293397.0,0.8232122242450715,2.7168,0.3345649838447571,6.429659318637274e-05,1696,0.5894,0.629640682041645,16980,8608.904782824,1764965848.5563045
46385090.0,0.8372512333095073,2.7184,0.4469358026981354,6.421643286573147e-05,1697,0.5391,0.5804624911397696,16990,8625.978316543,1764965865.6298535
46480018.0,0.8459160476922989,2.7199999999999998,0.45008131861686707,6.413627254509019e-05,1698,0.5051,0.5318342190235853,17000,8643.056719773,1764965882.70827
46570278.0,0.831830034404993,2.7216,0.3794102966785431,6.40561122244489e-05,1699,0.5473,0.6119151065126062,17010,8660.841667636,1764965900.4930449
46662975.0,0.8378576889634133,2.7232,0.42464184761047363,6.397595190380762e-05,1700,0.5458,0.5834936156868935,17020,8678.421866303,1764965918.0733187
46854210.0,0.839222614467144,2.7264,0.40123850107192993,6.381563126252505e-05,1702,0.5452,0.5714052138850093,17040,8713.038550092,1764965952.6900067
46941456.0,0.8438668578863144,2.7279999999999998,0.3587915897369385,6.373547094188377e-05,1703,0.5077,0.5757385062053799,17050,8730.307480621,1764965969.9589598
47038570.0,0.8325569376349449,2.7296,0.48669567704200745,6.365531062124249e-05,1704,0.5617,0.5984664240851998,17060,8748.116406681,1764965987.7679274
47135547.0,0.8390961207449437,2.7312,0.3300777077674866,6.35751503006012e-05,1705,0.5317,0.5647967061027884,17070,8765.969658618,1764966005.6210663
47324633.0,0.8426575422286987,2.7344,0.5837313532829285,6.341482965931864e-05,1707,0.5118,0.557220502384007,17090,8801.050207771,1764966040.7016475
47416586.0,0.8345346204936505,2.7359999999999998,0.4566259980201721,6.333466933867735e-05,1708,0.5456,0.5801674515008927,17100,8818.809404225,1764966058.4608443
47507179.0,0.8309350684285164,2.7376,0.38745951652526855,6.325450901803608e-05,1709,0.5499,0.5926130436360836,17110,8835.652969976,1764966075.304399
47597180.0,0.8494035884737968,2.7392,0.3860359191894531,6.317434869739479e-05,1710,0.5051,0.5402653044089675,17120,8851.977362499,1764966091.6288807
47692373.0,0.8324468605220318,2.7408,0.27697086334228516,6.30941883767535e-05,1711,0.5552,0.5998268101364375,17130,8869.245219942,1764966108.8968136
47880108.0,0.8364273712038994,2.7439999999999998,0.38880014419555664,6.293386773547094e-05,1713,0.5522,0.5829154789447785,17150,8903.664029921,1764966143.315559
47968485.0,0.8400854431092739,2.7456,0.34230220317840576,6.285370741482967e-05,1714,0.5289,0.564264053106308,17160,8920.929764565,1764966160.5811975
48156780.0,0.839014358073473,2.7488,0.4455823004245758,6.26933867735471e-05,1716,0.5527,0.575156350620091,17180,8955.926321175,1764966195.5778272
48251064.0,0.8439521178603172,2.7504,0.32732897996902466,6.261322645290582e-05,1717,0.5202,0.5411221738904715,17190,8973.030921433,1764966212.6823778
48530121.0,0.8274409957230091,2.7552,0.436224102973938,6.237274549098197e-05,1720,0.5763,0.6176300318911672,17220,9026.814961693,1764966266.4664817
48629557.0,0.8250507049262523,2.7568,0.35270020365715027,6.229258517034068e-05,1721,0.6,0.6388033704832197,17230,9044.898150998,1764966284.5495136
48903472.0,0.8446418724954128,2.7616,0.33777716755867004,6.205210420841683e-05,1724,0.5153,0.5473193822428584,17260,9096.804869587,1764966336.456413
48995220.0,0.8404109343886376,2.7632,0.450202614068985,6.197194388777555e-05,1725,0.5246,0.5662952484562993,17270,9113.8453867,1764966353.4970005
49174714.0,0.839831680059433,2.7664,0.3473242521286011,6.181162324649298e-05,1727,0.5321,0.586565594933927,17290,9148.400117881,1764966388.0516922
49271860.0,0.8188197560608387,2.768,0.3362484276294708,6.17314629258517e-05,1728,0.5935,0.6326200345531106,17300,9166.184349229,1764966405.8358302
49361604.0,0.8530190080404282,2.7696,0.46341073513031006,6.165130260521043e-05,1729,0.5077,0.5350110905244947,17310,9183.221017456,1764966422.8724773
49453691.0,0.8409357234835625,2.7712,0.3465069830417633,6.157114228456913e-05,1730,0.5164,0.5763465007767081,17320,9199.821844044,1764966439.4733558
49734243.0,0.8372036658227444,2.776,0.31213879585266113,6.133066132264528e-05,1733,0.537,0.5799249291419983,17350,9251.590287714,1764966491.2417789
49834381.0,0.8316312581300735,2.7776,0.3613770604133606,6.125050100200401e-05,1734,0.5802,0.6089483583346009,17360,9269.261287461,1764966508.912868
49929716.0,0.8479586653411388,2.7792,0.3699471354484558,6.117034068136273e-05,1735,0.4932,0.5364002045243979,17370,9286.781536999,1764966526.43319
50023263.0,0.8282028272747993,2.7808,0.422047883272171,6.109018036072145e-05,1736,0.5687,0.5991322137415409,17380,9303.834903595,1764966543.4863431
50117990.0,0.8242411777377129,2.7824,0.3972959518432617,6.1010020040080164e-05,1737,0.5806,0.6053110304288566,17390,9321.21119179,1764966560.8626468
50213714.0,0.8363039508461952,2.784,0.39645150303840637,6.0929859719438874e-05,1738,0.5357,0.5888277798891067,17400,9338.824238247,1764966578.4757485
50302858.0,0.8236186072230339,2.7856,0.4478505849838257,6.08496993987976e-05,1739,0.5887,0.6279182303696871,17410,9357.232228057,1764966596.8837783
50402994.0,0.8417654067277909,2.7872,0.3863540291786194,6.0769539078156314e-05,1740,0.5264,0.5671221863478422,17420,9374.879133902,1764966614.5307076
50492996.0,0.8353608310222626,2.7888,0.375228613615036,6.068937875751504e-05,1741,0.5493,0.6000875582918525,17430,9392.281855732,1764966631.9334238
50590288.0,0.833721213042736,2.7904,0.4212869107723236,6.060921843687375e-05,1742,0.572,0.5913384571671486,17440,9410.467683595,1764966650.1191788
50678545.0,0.8297647431492805,2.792,0.42250508069992065,6.052905811623247e-05,1743,0.5671,0.5998737558722496,17450,9427.58662914,1764966667.2381992
50860625.0,0.840217337757349,2.7952,0.37937504053115845,6.03687374749499e-05,1745,0.526,0.5746969809755683,17470,9462.6829607,1764966702.3345482
50956316.0,0.838772352784872,2.7968,0.4153382182121277,6.028857715430862e-05,1746,0.5433,0.5613453837111593,17480,9479.688318047,1764966719.3399916
51051669.0,0.8435716837644577,2.7984,0.3150232136249542,6.020841683366734e-05,1747,0.5246,0.5455487817525864,17490,9496.891681925,1764966736.5430708
51247739.0,0.8506669454276562,2.8016,0.36557304859161377,6.004809619238477e-05,1749,0.4968,0.5319734448567033,17510,9531.940955163,1764966771.5925305
51339060.0,0.8275175713002682,2.8032,0.3931160569190979,5.996793587174349e-05,1750,0.5862,0.5986973136663437,17520,9549.126704784,1764966788.778324
51431155.0,0.8386580668389797,2.8048,0.4592868387699127,5.988777555110221e-05,1751,0.5314,0.5714968934655189,17530,9566.775674424,1764966806.4272726
51533886.0,0.8374285951256752,2.8064,0.3930002450942993,5.980761523046092e-05,1752,0.5435,0.5848078060895204,17540,9584.620249103,1764966824.2718108
51625481.0,0.8358569577336311,2.808,0.3360585868358612,5.9727454909819645e-05,1753,0.554,0.5716537395492196,17550,9601.868607571,1764966841.5202055
51730587.0,0.8274314604699612,2.8096,0.3578910827636719,5.964729458917836e-05,1754,0.5772,0.6272205010056495,17560,9619.804390841,1764966859.4558475
51811787.0,0.8201509915292263,2.8112,0.40334123373031616,5.956713426853707e-05,1755,0.6148,0.630596860870719,17570,9636.566110961,1764966876.2176783
51997550.0,0.8256854884326458,2.8144,0.37882038950920105,5.940681362725451e-05,1757,0.5932,0.631464759632945,17590,9671.307851852,1764966910.959422
52093982.0,0.8360074654221534,2.816,0.40093469619750977,5.9326653306613235e-05,1758,0.5313,0.5905940260738134,17600,9688.745562462,1764966928.397103
52281248.0,0.8427308730781078,2.8192,0.35587501525878906,5.916633266533066e-05,1760,0.5084,0.5636609150096774,17620,9724.466504723,1764966964.1181056
52463970.0,0.8295115448534489,2.8224,0.344096302986145,5.9006012024048095e-05,1762,0.569,0.6090934630483389,17640,9758.333741717,1764966997.9853113
52550334.0,0.8303251333534718,2.824,0.42446666955947876,5.892585170340682e-05,1763,0.5627,0.6087311146780848,17650,9775.069636985,1764967014.7211778
52646197.0,0.8337092906236648,2.8256,0.4252384305000305,5.8845691382765536e-05,1764,0.5614,0.5754865929484367,17660,9792.447742447,1764967032.0993772
52828038.0,0.8301640927791596,2.8288,0.3453437387943268,5.868537074148297e-05,1766,0.5864,0.6037590863183141,17680,9827.155323598,1764967066.8067849
52916337.0,0.8354363441467285,2.8304,0.3542410135269165,5.8605210420841686e-05,1767,0.5453,0.5919243637472391,17690,9844.122170776,1764967083.7736547
53106035.0,0.8225279942154884,2.8336,0.35106590390205383,5.844488977955912e-05,1769,0.6036,0.6149205513298511,17710,9879.286165459,1764967118.9377537
53194832.0,0.8205640606582165,2.8352,0.37516722083091736,5.836472945891784e-05,1770,0.5943,0.6342688731849193,17720,9896.802924049,1764967136.4543307
53394497.0,0.8335975408554077,2.8384,0.27717962861061096,5.820440881763527e-05,1772,0.5498,0.5964517660439015,17740,9932.143250295,1764967171.7947638
53489108.0,0.837566177546978,2.84,0.4039742946624756,5.812424849699399e-05,1773,0.5645,0.5662720216438174,17750,9949.580385191,1764967189.2320101
53584838.0,0.8384213455021381,2.8416,0.37832868099212646,5.804408817635271e-05,1774,0.5339,0.581855695694685,17760,9966.793382274,1764967206.4447858
53688293.0,0.8506137229502201,2.8432,0.3150581419467926,5.796392785571143e-05,1775,0.5025,0.5356073904782533,17770,9984.535113715,1764967224.1866014
53779795.0,0.8406992673873901,2.8448,0.41719943284988403,5.788376753507014e-05,1776,0.5449,0.5716195592656732,17780,10002.307557813,1764967241.959081
53873735.0,0.833705322444439,2.8464,0.43443185091018677,5.780360721442886e-05,1777,0.5603,0.6073098707944155,17790,10019.592968377,1764967259.2443323
54049614.0,0.8309247590601444,2.8496,0.40495115518569946,5.764328657314629e-05,1779,0.5705,0.6140317618846893,17810,10055.120282738,1764967294.7717829
54326109.0,0.8307568401098251,2.8544,0.4369528293609619,5.740280561122244e-05,1782,0.5828,0.6151250667870045,17840,10106.951944742,1764967346.6034367
54614552.0,0.8342325069010258,2.8592,0.33409059047698975,5.716232464929861e-05,1785,0.5586,0.5942840341478586,17870,10159.436865604,1764967399.0883522
54709185.0,0.8457632593810558,2.8608000000000002,0.5004754662513733,5.708216432865732e-05,1786,0.5284,0.5589604534208774,17880,10176.766203763,1764967416.4174554
54803699.0,0.8324027851223945,2.8624,0.31369903683662415,5.700200400801603e-05,1787,0.5678,0.5856775172054768,17890,10194.402103243,1764967434.0535982
54897141.0,0.8415763281285763,2.864,0.3059544265270233,5.692184368737476e-05,1788,0.5214,0.5728736991062761,17900,10211.714991831,1764967451.3664691
55162969.0,0.8380394384264946,2.8688000000000002,0.5113123655319214,5.668136272545091e-05,1791,0.507,0.5801301543600857,17930,10263.536822419,1764967503.188333
55255095.0,0.8384458482265472,2.8704,0.36759498715400696,5.660120240480962e-05,1792,0.5487,0.5788707911968232,17940,10280.808564716,1764967520.4600809
55340603.0,0.8417072758078575,2.872,0.441855251789093,5.652104208416834e-05,1793,0.5286,0.5699657680466771,17950,10297.775940927,1764967537.4273937
55429649.0,0.8199019305408001,2.8736,0.32533133029937744,5.644088176352705e-05,1794,0.5938,0.6332236304879189,17960,10314.896771061,1764967554.5483565
55528490.0,0.828719912469387,2.8752,0.4161840081214905,5.636072144288578e-05,1795,0.5697,0.5958853375166655,17970,10332.525362238,1764967572.1768432
55619777.0,0.8382789365947246,2.8768000000000002,0.37496188282966614,5.628056112224449e-05,1796,0.5397,0.5857727756723762,17980,10349.840445709,1764967589.491999
55823197.0,0.8426762022078037,2.88,0.38576093316078186,5.612024048096193e-05,1798,0.5331,0.5520312212407589,18000,10385.374227991,1764967625.0258021
55917793.0,0.8439160548150539,2.8816,0.34583911299705505,5.604008016032064e-05,1799,0.5131,0.5495709700509905,18010,10404.131955687,1764967643.7835267
56015672.0,0.8407637678086758,2.8832,0.3460730314254761,5.5959919839679364e-05,1800,0.5314,0.5800043117254973,18020,10421.779414281,1764967661.4307952
56109284.0,0.8398968301713466,2.8848000000000003,0.35495758056640625,5.5879759519038074e-05,1801,0.5291,0.5817753810435533,18030,10439.148416507,1764967678.7998235
56289843.0,0.8281948648393154,2.888,0.34761786460876465,5.5719438877755514e-05,1803,0.5694,0.6356441674754023,18050,10473.268689438,1764967712.9201562
56384351.0,0.8513782761991024,2.8895999999999997,0.39229440689086914,5.5639278557114224e-05,1804,0.4954,0.5258692793548108,18060,10490.444447772,1764967730.0958974
56465841.0,0.8306552037596703,2.8912,0.3694928288459778,5.5559118236472955e-05,1805,0.5553,0.6009831601753831,18070,10506.953976389,1764967746.6055543
56647543.0,0.843908392637968,2.8944,0.3303304612636566,5.539879759519039e-05,1807,0.5347,0.5701708015054464,18090,10541.701447828,1764967781.3530111
56731834.0,0.8405521273612976,2.896,0.3411727547645569,5.53186372745491e-05,1808,0.5224,0.5616208635270595,18100,10558.526357831,1764967798.1778479
56823739.0,0.8445491507649422,2.8975999999999997,0.3539513349533081,5.5238476953907815e-05,1809,0.5282,0.5710172444581986,18110,10576.044365432,1764967815.6958914
57008127.0,0.8375051394104958,2.9008000000000003,0.384625107049942,5.507815631262525e-05,1811,0.5326,0.5850464645773172,18130,10610.585416956,1764967850.2370036
57110140.0,0.8376558385789394,2.9024,0.3588464856147766,5.499799599198397e-05,1812,0.556,0.5470031941309571,18140,10628.660251199,1764967868.3116455
57199334.0,0.8232484832406044,2.904,0.3972034454345703,5.491783567134269e-05,1813,0.5953,0.6267200697213411,18150,10645.941814288,1764967885.5932777
57299020.0,0.8360801555216313,2.9055999999999997,0.364550918340683,5.48376753507014e-05,1814,0.5801,0.5825942225754261,18160,10663.672804348,1764967903.3243184
57389443.0,0.8339121833443641,2.9072,0.46522656083106995,5.475751503006012e-05,1815,0.565,0.6054225435480476,18170,10680.718969506,1764967920.370475
57489846.0,0.8321184813976288,2.9088000000000003,0.43725690245628357,5.467735470941884e-05,1816,0.5524,0.5880953181535006,18180,10698.454565705,1764967938.1060388
57581508.0,0.815782903879881,2.9104,0.43626272678375244,5.459719438877756e-05,1817,0.6484,0.6566435702145099,18190,10716.476303383,1764967956.1278174
57682789.0,0.8301340259611607,2.912,0.3697126805782318,5.451703406813627e-05,1818,0.5696,0.5928206536918879,18200,10734.770858945,1764967974.422401
57779064.0,0.8378095000982284,2.9135999999999997,0.3561515510082245,5.443687374749499e-05,1819,0.5335,0.5975215489044785,18210,10753.814911723,1764967993.466481
57875548.0,0.8463010117411613,2.9152,0.365820974111557,5.435671342685371e-05,1820,0.5402,0.5581791723147035,18220,10770.644880133,1764968010.2964275
58062928.0,0.8555353611707688,2.9184,0.371538907289505,5.4196392785571145e-05,1822,0.4865,0.5395244117826223,18240,10804.981842008,1764968044.6332715
58236635.0,0.8332551836967468,2.9215999999999998,0.415559321641922,5.403607214428857e-05,1824,0.5528,0.595696271955967,18260,10839.201088561,1764968078.852646
58423991.0,0.8362680412828922,2.9248,0.44568631052970886,5.387575150300601e-05,1826,0.5551,0.5771536566317081,18280,10874.462336773,1764968114.1139235
58520869.0,0.835684920847416,2.9264,0.4458562433719635,5.3795591182364736e-05,1827,0.5654,0.5859837725758552,18290,10891.756318328,1764968131.4078047
58612821.0,0.8382845267653465,2.928,0.5003538727760315,5.3715430861723446e-05,1828,0.5476,0.5863186333328485,18300,10909.236261458,1764968148.8878415
58704099.0,0.8359725706279277,2.9295999999999998,0.40654781460762024,5.363527054108217e-05,1829,0.5596,0.5897019447758793,18310,10926.133814146,1764968165.7853396
58894777.0,0.8274823792278767,2.9328,0.38230815529823303,5.3474949899799596e-05,1831,0.5681,0.5884929236024619,18330,10961.040682713,1764968200.692274
58994663.0,0.8507741935551166,2.9344,0.3560352921485901,5.339478957915832e-05,1832,0.4986,0.54275868460536,18340,10978.710459338,1764968218.3618934
59088769.0,0.8216081537306309,2.936,0.3855414390563965,5.3314629258517036e-05,1833,0.6223,0.6308619525283575,18350,10996.467073653,1764968236.1185892
59185337.0,0.8373185388743878,2.9375999999999998,0.4347708821296692,5.323446893787576e-05,1834,0.551,0.5887936048209668,18360,11013.483197153,1764968253.1346924
59279723.0,0.8314531803131103,2.9392,0.34946712851524353,5.315430861723447e-05,1835,0.5634,0.5827986536547541,18370,11030.871079854,1764968270.522651
59554419.0,0.8401660278439522,2.944,0.4012177288532257,5.291382765531062e-05,1838,0.5234,0.5775288650766015,18400,11082.227824987,1764968321.8794441
59645838.0,0.8292033985257149,2.9455999999999998,0.4291937053203583,5.283366733466934e-05,1839,0.5902,0.6018344232812524,18410,11100.936335646,1764968340.5879805
59827632.0,0.8425757274031639,2.9488,0.38195475935935974,5.267334669338677e-05,1841,0.5308,0.5698343180119991,18430,11134.610503734,1764968374.2620747
59922862.0,0.8283409878611565,2.9504,0.4328145980834961,5.259318637274549e-05,1842,0.5851,0.6101581234484911,18440,11151.671059881,1764968391.3223727
60020844.0,0.8496121875941753,2.952,0.30660149455070496,5.251302605210421e-05,1843,0.4848,0.5326008148491382,18450,11169.460979845,1764968409.1123686
60122831.0,0.836831022053957,2.9536,0.31060439348220825,5.243286573146293e-05,1844,0.5389,0.569227559864521,18460,11186.912444873,1764968426.5639586
60299423.0,0.8464951075613498,2.9568,0.45232734084129333,5.227254509018036e-05,1846,0.5026,0.5492910070344805,18480,11220.660544182,1764968460.3120077
60388367.0,0.846656858175993,2.9584,0.41115885972976685,5.2192384769539083e-05,1847,0.5199,0.5303718982264399,18490,11237.542350135,1764968477.1937475
60493158.0,0.8311217054724693,2.96,0.3536388874053955,5.2112224448897793e-05,1848,0.564,0.58768878467381,18500,11255.687308215,1764968495.3386962
60578665.0,0.8429671630263329,2.9616,0.34961938858032227,5.203206412825652e-05,1849,0.5196,0.5619335949420929,18510,11272.365822899,1764968512.0172637
60672150.0,0.8201934680342674,2.9632,0.560580313205719,5.1951903807615234e-05,1850,0.6346,0.6298371948301792,18520,11289.445337745,1764968529.0967915
60765010.0,0.8391258344054222,2.9648,0.3995179235935211,5.1871743486973944e-05,1851,0.5374,0.5746812982484698,18530,11306.275071401,1764968545.9266393
60940148.0,0.8344693228602409,2.968,0.4583641290664673,5.1711422845691384e-05,1853,0.551,0.5952179864048958,18550,11340.571336905,1764968580.2229223
61122488.0,0.8350245036184788,2.9712,0.4315633475780487,5.155110220440882e-05,1855,0.5769,0.5766244763508439,18570,11374.370685974,1764968614.0219965
61212768.0,0.832526408880949,2.9728,0.42596352100372314,5.147094188376754e-05,1856,0.5397,0.5983844021335244,18580,11391.17696544,1764968630.828474
61306673.0,0.8391795851290226,2.9744,0.5100253820419312,5.139078156312626e-05,1857,0.5649,0.579818663187325,18590,11408.243574517,1764968647.895093
61397949.0,0.8426515527069569,2.976,0.44087669253349304,5.131062124248497e-05,1858,0.5152,0.5584356799721718,18600,11425.350068849,1764968665.0016332
61496195.0,0.832577271014452,2.9776,0.3632780909538269,5.123046092184369e-05,1859,0.5756,0.5931931057944894,18610,11443.797957258,1764968683.44946
61593471.0,0.8310957938432694,2.9792,0.4400957524776459,5.115030060120241e-05,1860,0.5543,0.6129591951146722,18620,11461.03624799,1764968700.6877952
61680212.0,0.8434913344681263,2.9808,0.4801611304283142,5.107014028056113e-05,1861,0.5135,0.5733768697828054,18630,11478.131421227,1764968717.782902
61859714.0,0.8459091499447823,2.984,0.36256080865859985,5.090981963927856e-05,1863,0.515,0.5498718826100231,18650,11511.938407307,1764968751.589749
62051190.0,0.8466396890580654,2.9872,0.4199041724205017,5.074949899799599e-05,1865,0.5047,0.5549001043662429,18670,11546.598441701,1764968786.2499762
62153617.0,0.823635569959879,2.9888,0.35722148418426514,5.0669338677354714e-05,1866,0.5956,0.6207836035639047,18680,11564.699025509,1764968804.3506927
62344637.0,0.8362393729388714,2.992,0.45809170603752136,5.050901803607214e-05,1868,0.5822,0.589855395257473,18700,11599.165263405,1764968838.816632
62433857.0,0.8323511831462383,2.9936,0.3927851915359497,5.0428857715430865e-05,1869,0.5683,0.5998893048614263,18710,11616.621525281,1764968856.273118
62528346.0,0.8318096719682216,2.9952,0.3933866024017334,5.034869739478958e-05,1870,0.5739,0.6086173174902797,18720,11633.878837665,1764968873.5304813
62807711.0,0.8393321216106415,3.0,0.36692652106285095,5.010821643286573e-05,1873,0.5297,0.5566082620993257,18750,11686.162823909,1764968925.814152
62990002.0,0.8552763558924198,3.0032,0.35545244812965393,4.994789579158317e-05,1875,0.4717,0.5147171419113874,18770,11721.049047714,1764968960.7005696
63085824.0,0.8394168823957443,3.0048,0.42367878556251526,4.986773547094188e-05,1876,0.5346,0.5856569971889257,18780,11738.447928794,1764968978.0994556
63371691.0,0.8454454258084297,3.0096,0.3608933091163635,4.962725450901804e-05,1879,0.5131,0.5605474440380931,18810,11791.881271688,1764969031.5328486
63465497.0,0.8436364091932773,3.0112,0.4121270477771759,4.9547094188376755e-05,1880,0.5183,0.5614289524033665,18820,11808.746818132,1764969048.3981419
63554583.0,0.8406770415604115,3.0128,0.4052206575870514,4.946693386773547e-05,1881,0.5293,0.5604681914672256,18830,11825.840202719,1764969065.4916217
63653913.0,0.855198933929205,3.0144,0.3643379509449005,4.938677354709419e-05,1882,0.4839,0.5297553311102092,18840,11843.424809133,1764969083.076459
63750529.0,0.8413919515907764,3.016,0.4033026397228241,4.9306613226452905e-05,1883,0.5322,0.5422529524192214,18850,11861.419654323,1764969101.0712976
63846855.0,0.8491409413516522,3.0176,0.3467586040496826,4.922645290581163e-05,1884,0.4977,0.5188781175762415,18860,11879.105895346,1764969118.7573576
64036345.0,0.8460304670035839,3.0208,0.41912347078323364,4.9066132264529055e-05,1886,0.5009,0.5629876259714365,18880,11913.604150254,1764969153.255704
64218829.0,0.8499322429299354,3.024,0.4184442162513733,4.8905811623246496e-05,1888,0.4974,0.5452132215723395,18900,11948.613792187,1764969188.2650754
64506974.0,0.849183589965105,3.0288,0.3474191725254059,4.866533066132265e-05,1891,0.5057,0.5297894375398755,18930,12001.676602726,1764969241.3281152
64597013.0,0.8497593253850937,3.0304,0.47417277097702026,4.858517034068136e-05,1892,0.4879,0.5273927334696055,18940,12018.975097982,1764969258.6264932
64798292.0,0.8587570369243622,3.0336,0.3235434293746948,4.84248496993988e-05,1894,0.4658,0.5058074504137039,18960,12055.026672588,1764969294.6782758
65080929.0,0.8469512969255447,3.0384,0.29114702343940735,4.818436873747495e-05,1897,0.494,0.548107773810625,18990,12106.827499742,1764969346.4790084
65187679.0,0.843778957426548,3.04,0.3787825405597687,4.810420841683367e-05,1898,0.5132,0.5428503375500441,19000,12124.790298905,1764969364.4416668
65287838.0,0.8589488804340363,3.0416,0.345050573348999,4.8024048096192386e-05,1899,0.4643,0.510808177664876,19010,12144.320879908,1764969383.9722962
65473898.0,0.856511763483286,3.0448,0.35241055488586426,4.7863727454909826e-05,1901,0.4592,0.5152796418406069,19030,12178.769915783,1764969418.4214008
65564010.0,0.839063323289156,3.0464,0.44360244274139404,4.778356713426854e-05,1902,0.533,0.5616179978474974,19040,12195.841343777,1764969435.492925
65661122.0,0.8399058856070042,3.048,0.3703222870826721,4.770340681362725e-05,1903,0.529,0.561931274458766,19050,12213.538846013,1764969453.1902938
65855741.0,0.8340485274791718,3.0512,0.42970603704452515,4.754308617234469e-05,1905,0.5449,0.5959525842219591,19070,12249.435842191,1764969489.0872858
65952332.0,0.8473994143307209,3.0528,0.48672446608543396,4.746292585170341e-05,1906,0.5045,0.5465385103598237,19080,12266.784307277,1764969506.4357855
66043673.0,0.8547089785337448,3.0544,0.4150490164756775,4.738276553106213e-05,1907,0.4735,0.5173687232658267,19090,12284.468563839,1764969524.1199286
66138729.0,0.8520306929945946,3.056,0.5097609758377075,4.730260521042084e-05,1908,0.4941,0.5314846076071262,19100,12302.057537416,1764969541.7088993
66232718.0,0.8395621180534363,3.0576,0.3392322063446045,4.722244488977956e-05,1909,0.5116,0.5647282771766186,19110,12319.628758133,1764969559.2803094
66324661.0,0.8530411198735237,3.0592,0.4415954053401947,4.714228456913828e-05,1910,0.4905,0.5382128009572625,19120,12336.656722222,1764969576.3082185
66523009.0,0.8529714435338974,3.0624,0.36138319969177246,4.698196392785572e-05,1912,0.5121,0.5544644348323345,19140,12372.24343917,1764969611.895029
66808624.0,0.8608693987131119,3.0672,0.4149099588394165,4.674148296593187e-05,1915,0.4658,0.5071958301588892,19170,12425.171225738,1764969664.8227437
66901075.0,0.8547248981893063,3.0688,0.4152534306049347,4.6661322645290584e-05,1916,0.4915,0.5233968209475279,19180,12442.408302574,1764969682.0597816
66995312.0,0.844477217644453,3.0704,0.44308027625083923,4.65811623246493e-05,1917,0.5179,0.5665595034137368,19190,12459.701346432,1764969699.3528922
67086815.0,0.8471239894628525,3.072,0.3572019338607788,4.6501002004008024e-05,1918,0.5009,0.5570857562124729,19200,12476.606047697,1764969716.2575848
67271660.0,0.8446965843439103,3.0752,0.44327229261398315,4.634068136272545e-05,1920,0.5126,0.5676650997251272,19220,12513.333393744,1764969752.9847634
67447284.0,0.8338501989841461,3.0784,0.4175746440887451,4.618036072144289e-05,1922,0.5665,0.5762912947684526,19240,12547.807781016,1764969787.4592414
67626967.0,0.8619523182511329,3.0816,0.41628870368003845,4.602004008016032e-05,1924,0.4419,0.5137883897870779,19260,12581.50061828,1764969821.1522522
67797919.0,0.8483416028320789,3.0848,0.4225500822067261,4.585971943887776e-05,1926,0.485,0.5457850567996502,19280,12615.146833701,1764969854.798414
67992568.0,0.8437679000198841,3.088,0.3237922489643097,4.569939879759519e-05,1928,0.5295,0.5549687711521983,19300,12650.41924365,1764969890.070786
68081684.0,0.8360227055847644,3.0896,0.35422447323799133,4.5619238476953915e-05,1929,0.5442,0.5821063598617912,19310,12667.889933722,1764969907.5413659
68276611.0,0.8447647951543331,3.0928,0.34306690096855164,4.545891783567134e-05,1931,0.5164,0.5628938263282179,19330,12703.086630488,1764969942.7382526
68372094.0,0.8548020474612713,3.0944,0.32267019152641296,4.5378757515030065e-05,1932,0.4623,0.5247912118211389,19340,12720.716890761,1764969960.368184
68455199.0,0.8507930926978589,3.096,0.489726185798645,4.529859719438878e-05,1933,0.4944,0.5337731964886189,19350,12738.043794339,1764969977.6952903
68554207.0,0.8481439135968685,3.0976,0.3065192699432373,4.52184368737475e-05,1934,0.5111,0.5480022937059402,19360,12755.793982589,1764969995.4454384
94209.0,0.8410921335220337,3.0736,0.44250574707984924,4.6420841683366734e-05,1935,0.5432,0.5803045426495373,19210,18.465093943,1764970527.705363
185423.0,0.8581102080643177,3.0752,0.40252020955085754,4.634068136272545e-05,1936,0.4557,0.515856715478003,19220,35.048635095,1764970544.288971
276461.0,0.8484373852610588,3.0768,0.43921199440956116,4.626052104208417e-05,1937,0.5232,0.5500080471858382,19230,52.667557302,1764970561.9078994
369876.0,0.8425172664225101,3.0784,0.4352933168411255,4.618036072144289e-05,1938,0.5106,0.560958718881011,19240,69.656616824,1764970578.896925
465673.0,0.8563201159238816,3.08,0.3095930516719818,4.610020040080161e-05,1939,0.4725,0.5266388829797506,19250,86.834656829,1764970596.0749934
552448.0,0.8417899593710899,3.0816,0.5033949613571167,4.602004008016032e-05,1940,0.5108,0.562658055499196,19260,103.119026823,1764970612.359435
646806.0,0.8463435158133507,3.0832,0.31905004382133484,4.593987975951904e-05,1941,0.4942,0.5625266106799245,19270,119.904602536,1764970629.1451077
736563.0,0.844243960827589,3.0848,0.3712213933467865,4.585971943887776e-05,1942,0.5254,0.5630527596920729,19280,136.498748378,1764970645.7390802
833045.0,0.8349968284368515,3.0864,0.4248085916042328,4.5779559118236474e-05,1943,0.5614,0.5932998683303594,19290,153.666656976,1764970662.9070466
928859.0,0.8420517116785049,3.088,0.41856157779693604,4.569939879759519e-05,1944,0.5423,0.5757034741342067,19300,170.745076481,1764970679.985584
1018733.0,0.8420233584940433,3.0896,0.3615087866783142,4.5619238476953915e-05,1945,0.531,0.5550376404076814,19310,187.403801463,1764970696.6442451
1110836.0,0.8572910532355309,3.0912,0.35011422634124756,4.5539078156312624e-05,1946,0.4765,0.5400738021358847,19320,204.168329224,1764970713.4086907
1205699.0,0.8470567330718041,3.0928,0.45993873476982117,4.545891783567134e-05,1947,0.5221,0.5587507624179124,19330,220.917769385,1764970730.1581686
1293981.0,0.8480012737214565,3.0944,0.3600653409957886,4.5378757515030065e-05,1948,0.513,0.5469239041209221,19340,237.376197869,1764970746.6166787
1393093.0,0.8497108936309814,3.096,0.3650982081890106,4.529859719438878e-05,1949,0.5058,0.5403080865740776,19350,254.730787244,1764970763.971239
1492356.0,0.8399423480033874,3.0976,0.40489333868026733,4.52184368737475e-05,1950,0.5465,0.5685320427641273,19360,272.372245228,1764970781.6127768
1584920.0,0.844894678145647,3.0992,0.36785948276519775,4.5138276553106215e-05,1951,0.5187,0.5519592514261603,19370,289.561054167,1764970798.8015156
1673014.0,0.863971833139658,3.1008,0.46103185415267944,4.505811623246493e-05,1952,0.4454,0.488833986222744,19380,306.090278246,1764970815.3308802
1765585.0,0.8441350124776363,3.1024,0.40872758626937866,4.497795591182365e-05,1953,0.5365,0.5554843792691827,19390,322.836245857,1764970832.0768576
1852841.0,0.8438418641686439,3.104,0.5381650328636169,4.4897795591182365e-05,1954,0.5354,0.5649059103801847,19400,339.446338209,1764970848.6867425
1940089.0,0.8402787879109382,3.1056,0.4315659701824188,4.481763527054109e-05,1955,0.5274,0.5603379568085074,19410,357.352328113,1764970866.5927737
2031871.0,0.8353258393704891,3.1072,0.3838564455509186,4.47374749498998e-05,1956,0.548,0.5767489900812507,19420,374.176752327,1764970883.417269
2130010.0,0.8495796903967857,3.1088,0.36444607377052307,4.4657314629258515e-05,1957,0.4964,0.5379349924623966,19430,391.397899413,1764970900.638189
2224229.0,0.8435650438070297,3.1104,0.3622705936431885,4.457715430861724e-05,1958,0.539,0.5608132103458047,19440,408.475489136,1764970917.7159963
2320852.0,0.8495216153562068,3.112,0.4519387483596802,4.4496993987975955e-05,1959,0.5029,0.5292463857680559,19450,425.830462523,1764970935.071014
2414226.0,0.8615766748785972,3.1136,0.36609768867492676,4.441683366733467e-05,1960,0.4433,0.5026544308289885,19460,442.57268466,1764970951.8131542
2500589.0,0.8457485631108284,3.1152,0.3472842276096344,4.433667334669339e-05,1961,0.5165,0.5576943829655647,19470,459.394865157,1764970968.6354365
2596512.0,0.8487901754677296,3.1168,0.34437116980552673,4.4256513026052105e-05,1962,0.5114,0.5356666717678309,19480,476.398304047,1764970985.6388812
2691497.0,0.8407066568732262,3.1184,0.41020819544792175,4.417635270541082e-05,1963,0.5375,0.5649376548826694,19490,493.335799255,1764971002.5763307
2779965.0,0.8464621782302857,3.12,0.48396173119544983,4.409619238476954e-05,1964,0.5153,0.5480484241619706,19500,509.983320514,1764971019.2238653
2881130.0,0.8630012199282646,3.1216,0.470605731010437,4.401603206412826e-05,1965,0.4472,0.49990010615438224,19510,527.448528379,1764971036.6890674
2978748.0,0.8456287860870362,3.1232,0.3903042674064636,4.393587174348698e-05,1966,0.5235,0.5535400915890932,19520,544.892146376,1764971054.1326
3067256.0,0.8479370824992657,3.1248,0.42504337430000305,4.385571142284569e-05,1967,0.4866,0.5409248055890202,19530,561.670029686,1764971070.9104736
3154274.0,0.8343385450541974,3.1264,0.3589162826538086,4.377555110220441e-05,1968,0.5761,0.5798598361201585,19540,578.653854418,1764971087.894445
3241433.0,0.8449191473424434,3.128,0.3946346640586853,4.369539078156313e-05,1969,0.5112,0.542902216501534,19550,595.643000876,1764971104.8835192
3337456.0,0.8436551034450531,3.1296,0.4473819434642792,4.3615230460921846e-05,1970,0.5164,0.5528582522645593,19560,613.007130821,1764971122.2475731
3433151.0,0.8384703882038593,3.1312,0.4543624818325043,4.353507014028056e-05,1971,0.5368,0.5732441432774067,19570,630.550574822,1764971139.7910497
3524837.0,0.8406153559684754,3.1328,0.3701989948749542,4.345490981963928e-05,1972,0.5628,0.5678331181406975,19580,647.555064398,1764971156.7956057
3621632.0,0.8394287154078484,3.1344,0.34249335527420044,4.3374749498997996e-05,1973,0.532,0.5879392955452204,19590,664.849301557,1764971174.0897577
3714255.0,0.8439447060227394,3.136,0.438087522983551,4.329458917835671e-05,1974,0.5076,0.5556694258004427,19600,681.528252676,1764971190.7686899
3808245.0,0.8424786470830441,3.1376,0.42329463362693787,4.3214428857715436e-05,1975,0.5211,0.5663529785349966,19610,699.83982293,1764971209.0801585
93990.0,0.8425432510674,3.1376,0.42254117131233215,4.3214428857715436e-05,1976,0.5211,0.5663146987557411,19610,21.255763851,1764971336.8183153
193216.0,0.8486399434506893,3.1391999999999998,0.36869341135025024,4.313426853707415e-05,1977,0.484,0.531746325455606,19620,40.322196146,1764971355.8848884
290353.0,0.8507695823907853,3.1408,0.4330494999885559,4.305410821643287e-05,1978,0.4804,0.5352910257875919,19630,59.262636614,1764971374.8252094
380938.0,0.8363451972603798,3.1424,0.33175763487815857,4.2973947895791586e-05,1979,0.5191,0.5763860149309039,19640,78.068226533,1764971393.6305506
478643.0,0.8560677640140056,3.144,0.3782220184803009,4.28937875751503e-05,1980,0.4796,0.5411190340295434,19650,96.828948107,1764971412.3912635
567337.0,0.8613157771527767,3.1456,0.38575243949890137,4.281362725450902e-05,1981,0.4567,0.5009095098823309,19660,114.822232074,1764971430.3848581
666301.0,0.8461438298225403,3.1471999999999998,0.31042248010635376,4.2733466933867736e-05,1982,0.5124,0.563863592222333,19670,133.545986008,1764971449.1083922
93990.0,0.8426018700003624,3.1376,0.42273786664009094,4.3214428857715436e-05,1983,0.5211,0.5663861505687237,19610,31.574422289,1764971616.018425
193216.0,0.8486179791390895,3.1391999999999998,0.3688132166862488,4.313426853707415e-05,1984,0.484,0.5318192446604371,19620,54.506352603,1764971638.9504392
290353.0,0.8504428155720234,3.1408,0.43634656071662903,4.305410821643287e-05,1985,0.4804,0.5351408349350095,19630,77.212948164,1764971661.6569781
380938.0,0.8363237023353577,3.1424,0.33108413219451904,4.2973947895791586e-05,1986,0.5192,0.5764124812558293,19640,99.594442159,1764971684.0384014
478643.0,0.8559999704360962,3.144,0.37839415669441223,4.28937875751503e-05,1987,0.4797,0.5411642700433731,19650,122.57383122,1764971707.0177681
567337.0,0.8611305557191372,3.1456,0.38755419850349426,4.281362725450902e-05,1988,0.4567,0.5009963486343623,19660,144.700471654,1764971729.144393
666301.0,0.8459722012281418,3.1471999999999998,0.31138697266578674,4.2733466933867736e-05,1989,0.5122,0.563873841241002,19670,167.141089735,1764971751.584898
759552.0,0.857681044191122,3.1488,0.33031323552131653,4.265330661322646e-05,1990,0.4695,0.5227855114266277,19680,188.824448876,1764971773.2686453
861570.0,0.855486699193716,3.1504,0.372236967086792,4.257314629258517e-05,1991,0.4882,0.5242585379630327,19690,211.788057395,1764971796.2322114
958722.0,0.8469626143574714,3.152,0.3691262900829315,4.2492985971943887e-05,1992,0.5201,0.5505195134319365,19700,234.445024012,1764971818.8886745
1048979.0,0.8379940517246723,3.1536,0.47298604249954224,4.241282565130261e-05,1993,0.5195,0.5679509751498699,19710,257.01949059,1764971841.4635508
1128271.0,0.8486156366765499,3.1552,0.34352952241897583,4.233266533066133e-05,1994,0.4921,0.5370794473215937,19720,278.648395288,1764971863.0925653
1214688.0,0.8489504508674145,3.1568,0.3236856162548065,4.2252505010020043e-05,1995,0.4917,0.5461100278422236,19730,300.472708366,1764971884.916551
1298672.0,0.858918447047472,3.1584,0.35415005683898926,4.217234468937876e-05,1996,0.4545,0.5013196432963014,19740,321.883161764,1764971906.3272378
1393473.0,0.8421459302306176,3.16,0.4463908076286316,4.209218436873748e-05,1997,0.5196,0.5679681863635778,19750,343.589855803,1764971928.033772
1485832.0,0.8372251182794571,3.1616,0.3778526484966278,4.2012024048096194e-05,1998,0.5411,0.553622156009078,19760,365.486276538,1764971949.9303002
1584620.0,0.8363025523722172,3.1632,0.4515112340450287,4.193186372745491e-05,1999,0.5798,0.5811773991212249,19770,389.817304378,1764971974.2593515
1679186.0,0.8632740460336208,3.1648,0.3511044681072235,4.1851703406813634e-05,2000,0.4604,0.4989141970872879,19780,428.79959362,1764972013.2434397
1774189.0,0.8300390623509883,3.1664,0.3903861343860626,4.177154308617235e-05,2001,0.5709,0.5986546833068133,19790,454.896335459,1764972039.3403387
1877403.0,0.8471371777355671,3.168,0.36810120940208435,4.169138276553106e-05,2002,0.5055,0.5316885190084577,19800,479.675858795,1764972064.1167667
1977792.0,0.8539073139429092,3.1696,0.3346671462059021,4.161122244488978e-05,2003,0.4853,0.517424127459526,19810,509.480496808,1764972093.9239519
2065324.0,0.8342242896556854,3.1712,0.4150404930114746,4.15310621242485e-05,2004,0.5547,0.5996575389057398,19820,532.866744272,1764972117.3096356
2148920.0,0.8401269815862179,3.1728,0.42394116520881653,4.145090180360722e-05,2005,0.5283,0.5761019874364137,19830,557.369037678,1764972141.8130178
2240289.0,0.8487214460968971,3.1744,0.4290107190608978,4.1370741482965934e-05,2006,0.4782,0.5520009778439998,19840,580.4284336,1764972164.8722765
2327201.0,0.8457299165427685,3.176,0.5315783023834229,4.129058116232465e-05,2007,0.4835,0.5643467653542757,19850,603.448628133,1764972187.8927746
2419547.0,0.8427533738315105,3.1776,0.440228134393692,4.121042084168337e-05,2008,0.5436,0.5591139554977417,19860,626.907400398,1764972211.3514187
2505522.0,0.8376283213496208,3.1792,0.45385828614234924,4.1130260521042084e-05,2009,0.5736,0.5650644287467003,19870,649.918025354,1764972234.3620481
2595213.0,0.856526231020689,3.1808,0.45106369256973267,4.10501002004008e-05,2010,0.498,0.5225121168419719,19880,671.823476869,1764972256.2676427
2687361.0,0.8507445253431797,3.1824,0.4176267683506012,4.0969939879759524e-05,2011,0.5117,0.5377841303125024,19890,693.118332968,1764972277.562528
2778013.0,0.8493899680674076,3.184,0.36377277970314026,4.088977955911824e-05,2012,0.4968,0.5432974757626653,19900,714.606476861,1764972299.050549
2872118.0,0.8521826684474945,3.1856,0.5019120573997498,4.080961923847695e-05,2013,0.486,0.539214002713561,19910,758.07297514,1764972342.5145497
2966641.0,0.8369761012494564,3.1872,0.5087036490440369,4.0729458917835674e-05,2014,0.5365,0.5772001776844263,19920,785.816630109,1764972370.2563348
3056642.0,0.8413844786584377,3.1888,0.39545702934265137,4.064929859719439e-05,2015,0.5187,0.5521050170063972,19930,809.64523669,1764972394.0892043
3144790.0,0.8348480097949504,3.1904,0.5026561617851257,4.056913827655311e-05,2016,0.5602,0.5854820955544711,19940,833.120560188,1764972417.564634
3235257.0,0.8531244352459908,3.192,0.41135263442993164,4.0488977955911825e-05,2017,0.4761,0.5194702491164207,19950,856.670076668,1764972441.1141427
3318985.0,0.8357702724635601,3.1936,0.4843128025531769,4.040881763527054e-05,2018,0.5517,0.5977704057469964,19960,879.289463493,1764972463.7335327
3420897.0,0.8548303797841073,3.1952,0.3286559581756592,4.032865731462926e-05,2019,0.4816,0.5150695698335767,19970,902.061944543,1764972486.5060647
3513776.0,0.8524123437702655,3.1968,0.5009086728096008,4.0248496993987975e-05,2020,0.4717,0.5318513309583068,19980,924.484438376,1764972508.9285138
3606945.0,0.8516291908919811,3.1984,0.4644988775253296,4.01683366733467e-05,2021,0.496,0.5349645867943764,19990,945.786075408,1764972530.2300797
3707657.0,0.848528228700161,3.2,0.3835620880126953,4.0088176352705415e-05,2022,0.4887,0.5391939722001553,20000,967.461475631,1764972551.905592
3803654.0,0.8470587693154812,3.2016,0.4649050831794739,4.000801603206413e-05,2023,0.5339,0.544527693465352,20010,991.079380822,1764972575.5235164
3896051.0,0.8623713359236718,3.2032,0.3381557762622833,3.992785571142285e-05,2024,0.4462,0.5186322223395109,20020,1012.566583703,1764972597.010637
3991599.0,0.8495251916348934,3.2048,0.4777853488922119,3.9847695390781565e-05,2025,0.4961,0.5227740749716758,20030,1034.094074053,1764972618.538192
4091642.0,0.8373166359961033,3.2064,0.38476866483688354,3.976753507014028e-05,2026,0.5519,0.5861838959157467,20040,1055.827081587,1764972640.2711596
4184309.0,0.8429076798260212,3.208,0.4535735845565796,3.9687374749499e-05,2027,0.5212,0.569098063185811,20050,1077.442841702,1764972661.886514
4274342.0,0.8357088007032871,3.2096,0.48411133885383606,3.960721442885772e-05,2028,0.5591,0.575402631610632,20060,1099.011464607,1764972683.4556234
4362116.0,0.8620108641684056,3.2112,0.39419126510620117,3.952705410821643e-05,2029,0.4457,0.5140390014275908,20070,1120.545621508,1764972704.9897819
4455198.0,0.8530685901641846,3.2128,0.41155609488487244,3.944689378757515e-05,2030,0.476,0.5329136097803712,20080,1142.142333977,1764972726.5863476
4554048.0,0.8454097583889961,3.2144,0.5307942032814026,3.936673346693387e-05,2031,0.5023,0.5535601038485766,20090,1163.905168916,1764972748.3492804
4642633.0,0.837545195221901,3.216,0.4307217597961426,3.928657314629259e-05,2032,0.54,0.5801080064848065,20100,1185.248155014,1764972769.6921544
4729874.0,0.8577688351273537,3.2176,0.3868708908557892,3.9206412825651305e-05,2033,0.4651,0.514979911595583,20110,1205.922516176,1764972790.3666508
4819318.0,0.8513400748372077,3.2192,0.44717517495155334,3.912625250501002e-05,2034,0.4903,0.5189149046316743,20120,1227.074724615,1764972811.5187201
4905250.0,0.8597772888839245,3.2208,0.3582969009876251,3.904609218436874e-05,2035,0.4451,0.5097225166857242,20130,1247.825919009,1764972832.269961
4989726.0,0.8465247385203838,3.2224,0.4311957061290741,3.8965931863727456e-05,2036,0.4918,0.5430458651855588,20140,1269.125198076,1764972853.5691643
5082042.0,0.8356544710695744,3.224,0.5089488625526428,3.888577154308617e-05,2037,0.5529,0.578086967766285,20150,1291.040005902,1764972875.4839554
5176351.0,0.8480342768132687,3.2256,0.3843954801559448,3.8805611222444896e-05,2038,0.4906,0.5326085099950433,20160,1312.437783962,1764972896.8818288
5266373.0,0.8550420664250851,3.2272,0.4782797694206238,3.872545090180361e-05,2039,0.4915,0.5252077938988805,20170,1333.431524546,1764972917.875696
5358780.0,0.8491335891187191,3.2288,0.32157281041145325,3.864529058116232e-05,2040,0.4966,0.5360166374593973,20180,1354.862426154,1764972939.3063064
5454238.0,0.8506764777004718,3.2304,0.4336574673652649,3.8565130260521046e-05,2041,0.5055,0.5341820969246328,20190,1376.861816299,1764972961.305821
5554603.0,0.8402946211397648,3.232,0.3658042848110199,3.848496993987976e-05,2042,0.5412,0.5584503211081028,20200,1399.341694241,1764972983.7855172
5643909.0,0.8489482939243317,3.2336,0.4444774389266968,3.840480961923848e-05,2043,0.5093,0.5467667294666171,20210,1422.945992945,1764973007.3899455
5735058.0,0.851953087002039,3.2352,0.47160789370536804,3.8324649298597196e-05,2044,0.486,0.5252093844115734,20220,1444.288799085,1764973028.7329564
5826546.0,0.8507813721895218,3.2368,0.4039528965950012,3.824448897795591e-05,2045,0.4985,0.5409377593547106,20230,1465.42832377,1764973049.8722212
5913068.0,0.8489030539989472,3.2384,0.44636380672454834,3.816432865731463e-05,2046,0.4835,0.5309806570410729,20240,1486.517420188,1764973070.9615765
6001277.0,0.8382483214139939,3.24,0.3666764497756958,3.8084168336673346e-05,2047,0.5416,0.5691557679325342,20250,1509.401494865,1764973093.845486
6086549.0,0.8515285454690457,3.2416,0.48520326614379883,3.800400801603207e-05,2048,0.482,0.5332687674090266,20260,1531.017429977,1764973115.4609294
6179111.0,0.8452413201332092,3.2432,0.5298426151275635,3.7923847695390786e-05,2049,0.4953,0.5626587569713593,20270,1555.223433223,1764973139.667193
6274536.0,0.8521246157586575,3.2448,0.4615578055381775,3.78436873747495e-05,2050,0.4782,0.5311684593558311,20280,1580.46054619,1764973164.9046776
6360133.0,0.850369717180729,3.2464,0.3620610535144806,3.776352705410822e-05,2051,0.4773,0.5405910668894649,20290,1603.246236664,1764973187.6903298
6456918.0,0.8445836558938027,3.248,0.3894609212875366,3.7683366733466936e-05,2052,0.5336,0.5515978813171387,20300,1626.036961622,1764973210.480901
6549162.0,0.8459781765937805,3.2496,0.4260765314102173,3.760320641282565e-05,2053,0.499,0.5500992262735963,20310,1648.520720379,1764973232.964357
6637829.0,0.8571050085127354,3.2512,0.43213772773742676,3.752304609218437e-05,2054,0.4573,0.5243527371436357,20320,1670.851530053,1764973255.2956429
6723420.0,0.8405650086700917,3.2528,0.3802921175956726,3.744288577154309e-05,2055,0.5076,0.5751074086874723,20330,1692.865025241,1764973277.3090785
6811313.0,0.8611368976533413,3.2544,0.37692272663116455,3.73627254509018e-05,2056,0.4556,0.4965439738705754,20340,1715.075492339,1764973299.5192676
6905498.0,0.8513641752302646,3.2560000000000002,0.48048150539398193,3.728256513026052e-05,2057,0.5113,0.5181224396452307,20350,1737.752003816,1764973322.195946
7003226.0,0.8442767523229122,3.2576,0.36230748891830444,3.7202404809619244e-05,2058,0.523,0.5456062054261566,20360,1760.447104175,1764973344.8909934
7098962.0,0.8482254065573216,3.2592,0.41853058338165283,3.712224448897796e-05,2059,0.5082,0.5761454617604613,20370,1782.734074024,1764973367.1782014
7188810.0,0.8546470932662487,3.2608,0.34291332960128784,3.704208416833668e-05,2060,0.4685,0.538467488437891,20380,1804.974099697,1764973389.417996
7282397.0,0.8367424547672272,3.2624,0.41121697425842285,3.696192384769539e-05,2061,0.5558,0.5746791265904904,20390,1827.807258805,1764973412.2510688
7373408.0,0.8508308224380017,3.2640000000000002,0.38255876302719116,3.688176352705411e-05,2062,0.4866,0.5499973310157656,20400,1850.541526572,1764973434.9854064
7466472.0,0.8427687138319016,3.2656,0.3662644922733307,3.680160320641283e-05,2063,0.5313,0.5499249298125506,20410,1875.377273014,1764973459.821377
7554792.0,0.8497348055243492,3.2672,0.41783711314201355,3.6721442885771544e-05,2064,0.4918,0.557051925174892,20420,1897.394343692,1764973481.8383355
7648421.0,0.8357467345893383,3.2688,0.4806823134422302,3.664128256513026e-05,2065,0.5336,0.5873221527785063,20430,1919.291049586,1764973503.7350645
7752399.0,0.8513708144426346,3.2704,0.3744545876979828,3.6561122244488984e-05,2066,0.4949,0.5362275000661612,20440,1942.13435171,1764973526.5785415
7847723.0,0.8554033897817135,3.2720000000000002,0.41900354623794556,3.6480961923847694e-05,2067,0.4854,0.5193558422848582,20450,1964.77799998,1764973549.2219093
7939465.0,0.8584491014480591,3.2736,0.3396967947483063,3.640080160320641e-05,2068,0.4616,0.5241497313603759,20460,1987.486318538,1764973571.9304295
8032076.0,0.854619424790144,3.2752,0.3839634358882904,3.6320641282565134e-05,2069,0.4728,0.5000901620835065,20470,2010.292108644,1764973594.7360003
8120556.0,0.8479686975479126,3.2768,0.4154561460018158,3.624048096192385e-05,2070,0.5036,0.5460671506822109,20480,2032.630760037,1764973617.0748858
8209265.0,0.8453939191997051,3.2784,0.5024628639221191,3.616032064128257e-05,2071,0.5191,0.5347302323207259,20490,2054.852121247,1764973639.2960758
8292613.0,0.86049879565835,3.2800000000000002,0.42334210872650146,3.6080160320641284e-05,2072,0.4441,0.5126432327553629,20500,2076.962485195,1764973661.4063025
8380140.0,0.8414419889450073,3.2816,0.5439467430114746,3.6e-05,2073,0.5601,0.5845758274197579,20510,2099.56502092,1764973684.0090008
8462875.0,0.8525100499391556,3.2832,0.44116538763046265,3.591983967935872e-05,2074,0.4762,0.5387168798595667,20520,2121.986623089,1764973706.4306853
8558855.0,0.8514042019844055,3.2848,0.5023147463798523,3.5839679358717434e-05,2075,0.4874,0.5241035223007202,20530,2144.654545097,1764973729.0984333
8657584.0,0.8495137758553029,3.2864,0.44418084621429443,3.575951903807616e-05,2076,0.4887,0.5574522448703647,20540,2167.418826618,1764973751.8629007
8749322.0,0.8435138389468193,3.288,0.35431891679763794,3.567935871743487e-05,2077,0.5073,0.5314260059967637,20550,2190.014996119,1764973774.458832
8850828.0,0.8522320732474327,3.2896,0.4173923432826996,3.5599198396793584e-05,2078,0.5023,0.5239747203886509,20560,2220.501045139,1764973804.943848
8940771.0,0.8431060403585434,3.2912,0.43715721368789673,3.551903807615231e-05,2079,0.5188,0.5543355662375689,20570,2255.080833733,1764973839.5246556
9029970.0,0.8536594152450562,3.2928,0.3784797787666321,3.5438877755511025e-05,2080,0.4888,0.5254394533112645,20580,2281.088409766,1764973865.53254
9122543.0,0.8499952957034111,3.2944,0.373639851808548,3.535871743486974e-05,2081,0.4891,0.5185707394033671,20590,2305.985964807,1764973890.4295278
9216247.0,0.8574948683381081,3.296,0.31222617626190186,3.527855711422846e-05,2082,0.4742,0.5196343667805194,20600,2335.589472242,1764973920.031837
9319952.0,0.8494099818170071,3.2976,0.40869706869125366,3.5198396793587175e-05,2083,0.5212,0.5219069031998516,20610,2375.129136329,1764973959.572166
9419651.0,0.8467006511986256,3.2992,0.40657392144203186,3.511823647294589e-05,2084,0.5232,0.5292443750426173,20620,2401.202732677,1764973985.646712
9516061.0,0.8506631515920162,3.3008,0.4111638069152832,3.503807615230461e-05,2085,0.493,0.5433104751631618,20630,2425.117501255,1764974009.5615165
9604599.0,0.8496574312448502,3.3024,0.4621949791908264,3.495791583166333e-05,2086,0.5122,0.5309355629608035,20640,2449.401980787,1764974033.8453944
9690332.0,0.8451638199388981,3.304,0.5663503408432007,3.487775551102205e-05,2087,0.53,0.5555860953405499,20650,2472.695366238,1764974057.1395314
9785641.0,0.8408628612756729,3.3056,0.4323268234729767,3.479759519038076e-05,2088,0.5056,0.5562725825235247,20660,2496.402122989,1764974080.8463001
9871723.0,0.8393480397760869,3.3072,0.4632459878921509,3.471743486973948e-05,2089,0.5242,0.5694328540936112,20670,2519.6307021,1764974104.0748208
9960788.0,0.8479450583457947,3.3088,0.4050082564353943,3.46372745490982e-05,2090,0.4782,0.5581205507740379,20680,2543.315465756,1764974127.7590787
10061224.0,0.8454799085855484,3.3104,0.3644926846027374,3.4557114228456915e-05,2091,0.5172,0.5474044093862176,20690,2567.896660994,1764974152.3407078
10141477.0,0.849799656867981,3.312,0.48724833130836487,3.447695390781563e-05,2092,0.4959,0.5167488511651754,20700,2590.272782701,1764974174.7166781
10236166.0,0.8449609883129596,3.3136,0.34983471035957336,3.4396793587174355e-05,2093,0.5034,0.5525734230875969,20710,2613.174376095,1764974197.6183505
10330841.0,0.8399884849786758,3.3152,0.3907042145729065,3.4316633266533065e-05,2094,0.5364,0.5546728370711207,20720,2635.877578297,1764974220.3216417
10426580.0,0.8493941485881805,3.3168,0.4939180612564087,3.423647294589178e-05,2095,0.4975,0.541076586395502,20730,2658.718875941,1764974243.1628578
10515944.0,0.8540999285876751,3.3184,0.3819074332714081,3.4156312625250506e-05,2096,0.4666,0.5249923316761851,20740,2682.140326466,1764974266.584303
10600470.0,0.8508664228022098,3.32,0.4953782856464386,3.407615230460922e-05,2097,0.494,0.5498080972582102,20750,2704.736412337,1764974289.180347
10682469.0,0.8428815089166164,3.3216,0.4384849965572357,3.399599198396794e-05,2098,0.5152,0.5753204226493835,20760,2727.045446723,1764974311.4894807
10775824.0,0.8601649418473244,3.3232,0.41353854537010193,3.3915831663326656e-05,2099,0.4423,0.5031913362443448,20770,2749.311420407,1764974333.7554207
10873933.0,0.8442811533808708,3.3247999999999998,0.42849472165107727,3.383567134268537e-05,2100,0.5068,0.5379477927461267,20780,2771.891224568,1764974356.3353415
10972314.0,0.8550305008888245,3.3264,0.4379814565181732,3.375551102204409e-05,2101,0.4887,0.5138082638382911,20790,2794.369114873,1764974378.813003
11053926.0,0.8437428705394268,3.328,0.4197862148284912,3.3675350701402806e-05,2102,0.5249,0.5661927320063114,20800,2816.721211909,1764974401.1651366
11142172.0,0.83422846570611,3.3296,0.3822775185108185,3.359519038076153e-05,2103,0.5693,0.5785730324685574,20810,2841.09738139,1764974425.5412295
11240857.0,0.8428100556135177,3.3312,0.38385456800460815,3.351503006012024e-05,2104,0.5376,0.5695552283897996,20820,2863.767289144,1764974448.2113554
11339307.0,0.8573982238769531,3.3327999999999998,0.41774120926856995,3.3434869739478956e-05,2105,0.472,0.5283629845827817,20830,2885.835559784,1764974470.279653
11432008.0,0.8470892019569873,3.3344,0.33188551664352417,3.335470941883768e-05,2106,0.5173,0.548079215735197,20840,2908.057466943,1764974492.5014322
11520995.0,0.8456875927746296,3.336,0.48900139331817627,3.3274549098196396e-05,2107,0.5313,0.5655639559030533,20850,2930.002654889,1764974514.44659
11612569.0,0.8477576620876789,3.3376,0.35518878698349,3.319438877755511e-05,2108,0.5059,0.5445465248078107,20860,2952.270911884,1764974536.7148979
11711911.0,0.8325677193701267,3.3392,0.42045915126800537,3.311422845691383e-05,2109,0.5507,0.5953272230923176,20870,2974.616762215,1764974559.060876
11802650.0,0.8495279885828495,3.3407999999999998,0.36071646213531494,3.3034068136272546e-05,2110,0.4895,0.534032765030861,20880,2996.326130019,1764974580.7701225
11893338.0,0.8410404019057751,3.3424,0.4306159019470215,3.295390781563126e-05,2111,0.5172,0.5619604470208287,20890,3017.517249739,1764974601.961433
11994594.0,0.8355611562728882,3.344,0.4012477695941925,3.287374749498998e-05,2112,0.5404,0.5703429222106934,20900,3039.212683314,1764974623.6564882
12092545.0,0.848523660749197,3.3456,0.4188167452812195,3.27935871743487e-05,2113,0.5215,0.5244927138090134,20910,3060.745103858,1764974645.1889765
12188591.0,0.8361216865479946,3.3472,0.3897688388824463,3.271342685370742e-05,2114,0.5282,0.5770272554829716,20920,3081.972107746,1764974666.4161227
12285584.0,0.8404938697814941,3.3487999999999998,0.3724032938480377,3.263326653306613e-05,2115,0.5445,0.5944848369807005,20930,3103.488100603,1764974687.9319046
12389746.0,0.8293210320174694,3.3504,0.41363003849983215,3.2553106212424846e-05,2116,0.599,0.6002377450466156,20940,3125.249710199,1764974709.6936476
12481778.0,0.8424061022698879,3.352,0.41353002190589905,3.247294589178357e-05,2117,0.5285,0.5592279650270939,20950,3146.678481603,1764974731.1223855
12567165.0,0.8495631091296673,3.3536,0.41435468196868896,3.239278557114229e-05,2118,0.4928,0.5486320849508047,20960,3167.673085548,1764974752.1168973
12654619.0,0.8538524188101292,3.3552,0.3697012960910797,3.2312625250501003e-05,2119,0.4666,0.5256641143932939,20970,3188.315817455,1764974772.7596817
12744146.0,0.8570039547979832,3.3568,0.4303046464920044,3.223246492985973e-05,2120,0.4638,0.5116977976635099,20980,3209.414702308,1764974793.8587246
12838296.0,0.8440951719880104,3.3584,0.3315330147743225,3.215230460921844e-05,2121,0.5107,0.5457657156512141,20990,3230.806243854,1764974815.2502167
12935604.0,0.8346021272242069,3.36,0.5529980659484863,3.2072144288577154e-05,2122,0.539,0.5890166308730841,21000,3252.186908938,1764974836.6306672
13031241.0,0.8390040419995785,3.3616,0.38921231031417847,3.199198396793587e-05,2123,0.5294,0.573649968020618,21010,3275.628693162,1764974860.0724192
13123054.0,0.8464065328240394,3.3632,0.3716699182987213,3.1911823647294594e-05,2124,0.535,0.5592252572998404,21020,3296.624134117,1764974881.0677752
13221793.0,0.8419753894209862,3.3648,0.4228016138076782,3.183166332665331e-05,2125,0.5276,0.5524729792028665,21030,3320.275085296,1764974904.7191162
13308437.0,0.8416492782533169,3.3664,0.5315468311309814,3.175150300601202e-05,2126,0.5357,0.5605822667479515,21040,3344.244565289,1764974928.6875644
13412652.0,0.8318822696805,3.368,0.37997642159461975,3.1671342685370744e-05,2127,0.605,0.59431625418365,21050,3367.358530004,1764974951.8026493
13507385.0,0.8499055981636048,3.3696,0.42552128434181213,3.159118236472946e-05,2128,0.4873,0.518036288022995,21060,3389.360252052,1764974973.8043396
13599137.0,0.8502704188227653,3.3712,0.407087117433548,3.151102204408818e-05,2129,0.4906,0.5346177816390991,21070,3410.910535169,1764974995.3544617
13691652.0,0.8433656908571721,3.3728,0.38909003138542175,3.1430861723446894e-05,2130,0.5291,0.5638845300301909,21080,3431.994686132,1764975016.4388113
13779038.0,0.8391920462250709,3.3744,0.465958833694458,3.135070140280561e-05,2131,0.5314,0.560320351831615,21090,3453.308217023,1764975037.7522259
13876003.0,0.8518063358962535,3.376,0.38552528619766235,3.127054108216433e-05,2132,0.4754,0.5306597648188471,21100,3474.899337502,1764975059.3434272
13964791.0,0.8516865283250808,3.3776,0.36232897639274597,3.1190380761523044e-05,2133,0.4898,0.5165743120014668,21110,3497.432138132,1764975081.8761141
14072540.0,0.8486675783991814,3.3792,0.3980814218521118,3.111022044088177e-05,2134,0.5101,0.547317467071116,21120,3521.179440274,1764975105.623255
14172098.0,0.8457601986825466,3.3808,0.5081027746200562,3.1030060120240484e-05,2135,0.5138,0.5426888842135668,21130,3544.077512897,1764975128.5216162
14260595.0,0.8413470290601254,3.3824,0.3918931484222412,3.09498997995992e-05,2136,0.5439,0.5625208122655749,21140,3568.734623224,1764975153.1776755
14359128.0,0.8521165683865547,3.384,0.3710782527923584,3.086973947895792e-05,2137,0.4839,0.51913772970438,21150,3593.807947258,1764975178.2520921
14444992.0,0.838121447712183,3.3856,0.39276984333992004,3.0789579158316634e-05,2138,0.5322,0.5804521959275007,21160,3618.889328069,1764975203.3329177
14538958.0,0.8381015427410603,3.3872,0.43740421533584595,3.070941883767535e-05,2139,0.5584,0.5640833210200071,21170,3643.568166723,1764975228.0122824
14629988.0,0.8569311410188675,3.3888,0.4093433618545532,3.062925851703407e-05,2140,0.4774,0.5241285130381584,21180,3667.469972048,1764975251.914026
14721835.0,0.8564987808465958,3.3904,0.4242008626461029,3.054909819639279e-05,2141,0.459,0.5222236258909106,21190,3690.123675529,1764975274.5678666
14811202.0,0.8479065373539925,3.392,0.39910462498664856,3.04689378757515e-05,2142,0.509,0.5572929508984089,21200,3712.723051978,1764975297.167165
14903408.0,0.8595981918275356,3.3936,0.4376107156276703,3.038877755511022e-05,2143,0.4687,0.5140127614140511,21210,3737.790584958,1764975322.2345605
14993967.0,0.8513403818011284,3.3952,0.39878326654434204,3.0308617234468938e-05,2144,0.4799,0.5363416198641062,21220,3761.001211091,1764975345.4451225
15078964.0,0.8507358647882939,3.3968,0.4156589210033417,3.0228456913827658e-05,2145,0.4969,0.5291659992188216,21230,3784.08274687,1764975368.526568
15170882.0,0.8555377379059792,3.3984,0.35844171047210693,3.0148296593186375e-05,2146,0.4639,0.5194677257910371,21240,3807.531594611,1764975391.9756699
15263298.0,0.8460437722504139,3.4,0.35824698209762573,3.0068136272545095e-05,2147,0.4921,0.5394373217597603,21250,3830.270339926,1764975414.7144446
15357428.0,0.8409398518502712,3.4016,0.5512012243270874,2.9987975951903808e-05,2148,0.5336,0.5592692714184523,21260,3853.15854545,1764975437.602335
15447283.0,0.8464611873030663,3.4032,0.3969535827636719,2.9907815631262525e-05,2149,0.4933,0.5298005666583776,21270,3881.484948217,1764975465.9288063
15537769.0,0.8524519868195057,3.4048,0.44703149795532227,2.9827655310621245e-05,2150,0.4922,0.5199419194832444,21280,3904.459727732,1764975488.903846
15631946.0,0.8421506993472576,3.4064,0.445721298456192,2.9747494989979962e-05,2151,0.5283,0.5259439405053854,21290,3927.774006204,1764975512.2181466
15724589.0,0.846469284594059,3.408,0.5141950845718384,2.9667334669338682e-05,2152,0.511,0.5435547953471541,21300,3950.983570309,1764975535.4276638
15810285.0,0.8566589660942554,3.4096,0.44187474250793457,2.9587174348697395e-05,2153,0.4647,0.5276920266449452,21310,3974.041802922,1764975558.4857185
15902008.0,0.8458635993301868,3.4112,0.37725427746772766,2.9507014028056112e-05,2154,0.5141,0.5431014880537987,21320,3996.329435296,1764975580.7735
15988159.0,0.8532160848379136,3.4128,0.36958739161491394,2.9426853707414832e-05,2155,0.4965,0.5158452555537224,21330,4017.881097913,1764975602.3251965
16074758.0,0.8493070557713509,3.4144,0.4333498775959015,2.934669338677355e-05,2156,0.4834,0.5494714774191379,21340,4038.972408257,1764975623.4165719
16169555.0,0.8472253702580929,3.416,0.4711284637451172,2.926653306613227e-05,2157,0.5021,0.5559509787708521,21350,4060.383001529,1764975644.8270864
16262306.0,0.8599970981478691,3.4176,0.42026373744010925,2.9186372745490982e-05,2158,0.4664,0.49134257063269615,21360,4081.73373841,1764975666.1777542
16355804.0,0.8438679523766041,3.4192,0.42059579491615295,2.91062124248497e-05,2159,0.4898,0.5569069996476174,21370,4103.518022943,1764975687.962162
16448165.0,0.8480976961553097,3.4208,0.41401419043540955,2.902605210420842e-05,2160,0.5124,0.5362104568630457,21380,4125.660064493,1764975710.1039963
16530563.0,0.8511113598942757,3.4224,0.39689525961875916,2.8945891783567136e-05,2161,0.4842,0.5327968860045076,21390,4148.278267604,1764975732.7223134
16629806.0,0.8360294833779335,3.424,0.46435609459877014,2.8865731462925856e-05,2162,0.5586,0.5670954154804349,21400,4170.908920338,1764975755.352992
16728821.0,0.8508462771773339,3.4256,0.32050469517707825,2.8785571142284572e-05,2163,0.4954,0.5262675736099481,21410,4194.745450925,1764975779.1896927
16825058.0,0.8468668691813945,3.4272,0.41429153084754944,2.8705410821643286e-05,2164,0.5165,0.5413324177265167,21420,4216.621293472,1764975801.0654523
16931183.0,0.838703379780054,3.4288,0.3424326181411743,2.8625250501002006e-05,2165,0.5423,0.5703504677861929,21430,4239.970593024,1764975824.4147825
17034155.0,0.856264291703701,3.4304,0.37663254141807556,2.8545090180360723e-05,2166,0.4852,0.513864584453404,21440,4261.800305804,1764975846.244486
17131931.0,0.8514500185847282,3.432,0.33976009488105774,2.8464929859719443e-05,2167,0.4877,0.5109936784952879,21450,4283.567166692,1764975868.0113378
17219280.0,0.8549101009964943,3.4336,0.3975223898887634,2.838476953907816e-05,2168,0.4703,0.5192360868677497,21460,4304.626935801,1764975889.0709124
17306170.0,0.8527803972363472,3.4352,0.41704753041267395,2.8304609218436873e-05,2169,0.4856,0.5217163233086467,21470,4325.590510245,1764975910.0344634
17394512.0,0.8623872742056846,3.4368,0.4729152321815491,2.8224448897795593e-05,2170,0.451,0.4977980164811015,21480,4347.114206329,1764975931.558256
17482409.0,0.8497172698378563,3.4384,0.3939414322376251,2.814428857715431e-05,2171,0.4952,0.5448520969599485,21490,4368.699807846,1764975953.1438527
17574791.0,0.8625429071485996,3.44,0.3296626806259155,2.806412825651303e-05,2172,0.4345,0.49812446292489765,21500,4390.261013376,1764975974.7051878
17668869.0,0.8321642622351646,3.4416,0.33612117171287537,2.7983967935871746e-05,2173,0.5513,0.5893337680026889,21510,4411.739910102,1764975996.1838975
17765367.0,0.8432112976908683,3.4432,0.39243531227111816,2.790380761523046e-05,2174,0.511,0.5632667411118746,21520,4433.36109102,1764976017.8052013
17862646.0,0.8486577659845352,3.4448,0.37816300988197327,2.7823647294589176e-05,2175,0.4918,0.5366583909839392,21530,4454.748602742,1764976039.1927307
17961719.0,0.852918466180563,3.4464,0.39411666989326477,2.7743486973947896e-05,2176,0.4708,0.5279711332172156,21540,4476.377362444,1764976060.8214214
18054944.0,0.8494321443140507,3.448,0.3870914876461029,2.7663326653306617e-05,2177,0.4979,0.5422162011265754,21550,4497.355489536,1764976081.7995799
18152372.0,0.8529540315270424,3.4496,0.4221052825450897,2.7583166332665333e-05,2178,0.4995,0.5267918510362506,21560,4518.491842548,1764976102.9358485
18241818.0,0.8406525820493698,3.4512,0.5011717677116394,2.7503006012024053e-05,2179,0.5131,0.5751578954979777,21570,4539.826689774,1764976124.2708604
18332088.0,0.8416896477341652,3.4528,0.4145180583000183,2.7422845691382763e-05,2180,0.5264,0.548296969383955,21580,4560.480834358,1764976144.924795
18427511.0,0.8448621325194836,3.4544,0.45646050572395325,2.7342685370741483e-05,2181,0.5101,0.569863997027278,21590,4581.409171178,1764976165.853177
18525923.0,0.8466725125908852,3.456,0.3743027448654175,2.72625250501002e-05,2182,0.5155,0.5508729472756386,21600,4602.497452084,1764976186.941658
18610490.0,0.839442478120327,3.4576000000000002,0.3759177327156067,2.718236472945892e-05,2183,0.5169,0.5653179394081235,21610,4625.617055073,1764976210.0610392
18708993.0,0.8454363107681274,3.4592,0.4386396110057831,2.7102204408817637e-05,2184,0.52,0.527867154404521,21620,4647.064829811,1764976231.508674
18799777.0,0.8471607349812984,3.4608,0.44796326756477356,2.702204408817635e-05,2185,0.4825,0.5461436547338963,21630,4668.259696683,1764976252.703634
18903447.0,0.8463713265955448,3.4624,0.3647892475128174,2.694188376753507e-05,2186,0.5273,0.5547361209988594,21640,4689.975185343,1764976274.4191322
18994350.0,0.8445432014763355,3.464,0.4090786278247833,2.6861723446893787e-05,2187,0.5164,0.5474208628758788,21650,4711.075075686,1764976295.5189195
19087185.0,0.843168618530035,3.4656000000000002,0.455215185880661,2.6781563126252507e-05,2188,0.5084,0.5577545557171106,21660,4732.62524668,1764976317.0693192
19181804.0,0.848060755431652,3.4672,0.3776998221874237,2.6701402805611224e-05,2189,0.4967,0.5534437684342265,21670,4753.647496432,1764976338.0914106
19273864.0,0.841708742827177,3.4688,0.30518051981925964,2.6621242484969944e-05,2190,0.5178,0.5779352040961385,21680,4774.65022866,1764976359.094168
19370268.0,0.8355110362172127,3.4704,0.4414861798286438,2.6541082164328657e-05,2191,0.5287,0.5855398669838905,21690,4795.580283467,1764976380.0241961
19459973.0,0.8467876970767975,3.472,0.4478164613246918,2.6460921843687374e-05,2192,0.5066,0.5415482027456164,21700,4816.58499958,1764976401.028929
19550785.0,0.8524144694209099,3.4736000000000002,0.3790439963340759,2.6380761523046094e-05,2193,0.4905,0.546437225677073,21710,4837.538509035,1764976421.9824638
19647455.0,0.846318370103836,3.4752,0.401144415140152,2.630060120240481e-05,2194,0.4909,0.551746947132051,21720,4858.87309056,1764976443.3171926
19734635.0,0.8543620012700558,3.4768,0.4518086612224579,2.622044088176353e-05,2195,0.4702,0.5149473339319229,21730,4879.982308232,1764976464.4264433
19828575.0,0.8473493844270706,3.4784,0.46088606119155884,2.6140280561122244e-05,2196,0.4932,0.5600011894479394,21740,4901.029489786,1764976485.473077
19917219.0,0.837873599678278,3.48,0.576747477054596,2.606012024048096e-05,2197,0.5224,0.5730437381193042,21750,4921.738464267,1764976506.1823025
20015928.0,0.8466927520930767,3.4816,0.3687632083892822,2.597995991983968e-05,2198,0.5126,0.5370273072272539,21760,4942.84224253,1764976527.286162
20099727.0,0.8418721273541451,3.4832,0.4183478057384491,2.5899799599198398e-05,2199,0.514,0.5651646813377738,21770,4963.456923707,1764976547.9009871
20193522.0,0.8476909779012203,3.4848,0.39861324429512024,2.5819639278557118e-05,2200,0.4845,0.5350203910842538,21780,4984.341353882,1764976568.7855113
20284861.0,0.8526941306889058,3.4864,0.40804874897003174,2.573947895791583e-05,2201,0.476,0.5409232689067721,21790,5005.074256148,1764976589.5184271
20382185.0,0.8480484455823898,3.488,0.5189437866210938,2.5659318637274548e-05,2202,0.5094,0.5261846305802464,21800,5026.403857943,1764976610.8479893
20471186.0,0.8489369265735149,3.4896,0.41008806228637695,2.5579158316633268e-05,2203,0.4982,0.5259998066350817,21810,5050.329217146,1764976634.7730532
20579017.0,0.8410024732351303,3.4912,0.39649590849876404,2.5498997995991985e-05,2204,0.525,0.5512885456904769,21820,5072.234659803,1764976656.6786773
20671948.0,0.8493363812565804,3.4928,0.3499000370502472,2.5418837675350705e-05,2205,0.4987,0.5586535591632128,21830,5093.49016851,1764976677.9342332
20762652.0,0.8469509005546569,3.4944,0.47143468260765076,2.533867735470942e-05,2206,0.5315,0.5489873195067048,21840,5114.76194979,1764976699.2059546
20855172.0,0.8504879519343376,3.496,0.3574102818965912,2.5258517034068135e-05,2207,0.4883,0.5494418995454907,21850,5135.594905938,1764976720.039106
20949558.0,0.8427761554718017,3.4976,0.4755055606365204,2.5178356713426855e-05,2208,0.5337,0.565298504754901,21860,5156.611428477,1764976741.0555854
21032926.0,0.8462056964635849,3.4992,0.45477089285850525,2.509819639278557e-05,2209,0.5032,0.5630256241187453,21870,5177.333180273,1764976761.7770734
21125600.0,0.8562217704951763,3.5008,0.3876429498195648,2.501803607214429e-05,2210,0.4532,0.5065974337980151,21880,5198.076851623,1764976782.5208938
21216097.0,0.8484231941401958,3.5023999999999997,0.4411168396472931,2.4937875751503005e-05,2211,0.5087,0.5325139183551073,21890,5219.402734632,1764976803.8466837
21309487.0,0.851553126424551,3.504,0.34598270058631897,2.4857715430861725e-05,2212,0.5033,0.5469763902947307,21900,5240.275172168,1764976824.7193036
21402182.0,0.8585215799510479,3.5056000000000003,0.40238285064697266,2.4777555110220442e-05,2213,0.4462,0.49271042477339505,21910,5261.941368459,1764976846.3849924
21489466.0,0.8492495648562908,3.5072,0.3408292531967163,2.469739478957916e-05,2214,0.4662,0.5329272516071797,21920,5289.31966005,1764976873.7634845
21576037.0,0.8446439377963543,3.5088,0.37573522329330444,2.461723446893788e-05,2215,0.5287,0.5608781402930617,21930,5319.76458306,1764976904.2083106
21670655.0,0.8542415134608745,3.5103999999999997,0.43593934178352356,2.4537074148296592e-05,2216,0.4724,0.5166567161679267,21940,5344.332401569,1764976928.7765844
21760090.0,0.8433739461004734,3.512,0.4333093762397766,2.4456913827655312e-05,2217,0.5048,0.5481721935793757,21950,5368.063360621,1764976952.5072699
21858478.0,0.8467108845710755,3.5136,0.34188246726989746,2.437675350701403e-05,2218,0.5224,0.5437711803242564,21960,5392.806515106,1764976977.2492812
21957876.0,0.8377264805138112,3.5152,0.40146276354789734,2.4296593186372745e-05,2219,0.5634,0.5606336694210767,21970,5418.611241823,1764977003.0550487
22053194.0,0.8430317439138889,3.5168,0.44306886196136475,2.4216432865731465e-05,2220,0.5365,0.5513936560600996,21980,5442.640787251,1764977027.0849133
22144246.0,0.8593652799725533,3.5183999999999997,0.516595184803009,2.4136272545090182e-05,2221,0.4573,0.5161476016044617,21990,5466.412918545,1764977050.8567536
22233767.0,0.8456096813082695,3.52,0.36573949456214905,2.40561122244489e-05,2222,0.4997,0.538237789645791,22000,5489.549323402,1764977073.9934504
22329349.0,0.8519042894244194,3.5216,0.5505290031433105,2.3975951903807616e-05,2223,0.5037,0.5420284848660231,22010,5515.149416252,1764977099.5934284
22426828.0,0.8479392737150192,3.5232,0.35233625769615173,2.3895791583166332e-05,2224,0.4924,0.552065371721983,22020,5541.389032992,1764977125.832435
22519923.0,0.8419777028262615,3.5248,0.3560250997543335,2.3815631262525052e-05,2225,0.5379,0.5703005511313677,22030,5567.675543159,1764977152.119004
22617732.0,0.8505222260951996,3.5263999999999998,0.5308496356010437,2.373547094188377e-05,2226,0.4996,0.5317097164690494,22040,5600.875715383,1764977185.3196273
22707197.0,0.8457279242575169,3.528,0.4114282429218292,2.3655310621242486e-05,2227,0.5217,0.5721634421497583,22050,5624.947508639,1764977209.3916814
22799882.0,0.8539062380790711,3.5296,0.5446693301200867,2.3575150300601203e-05,2228,0.4707,0.5247863590717315,22060,5647.80632556,1764977232.250422
22889434.0,0.8386700570583343,3.5312,0.4452039301395416,2.3494989979959923e-05,2229,0.5337,0.563492315262556,22070,5670.749703662,1764977255.1938179
22975642.0,0.8410725705325603,3.5328,0.48377785086631775,2.341482965931864e-05,2230,0.5239,0.5585879450663924,22080,5693.401290796,1764977277.8452523
23067921.0,0.833057151734829,3.5343999999999998,0.478415846824646,2.3334669338677356e-05,2231,0.544,0.578652580268681,22090,5716.878434403,1764977301.3220313
23156312.0,0.8537368655204773,3.536,0.4467822015285492,2.3254509018036073e-05,2232,0.4771,0.5206692390143871,22100,5739.930439146,1764977324.3744485
23241833.0,0.8408115036785603,3.5376,0.5560714602470398,2.317434869739479e-05,2233,0.525,0.5753116048872471,22110,5762.805292023,1764977347.2493408
23334884.0,0.8399416856467724,3.5392,0.3647235035896301,2.309418837675351e-05,2234,0.5432,0.5751001913100481,22120,5785.786499875,1764977370.2304754
23427854.0,0.8456945694983006,3.5408,0.4174823760986328,2.3014028056112223e-05,2235,0.5137,0.5466151896864175,22130,5808.68378637,1764977393.1277275
23515998.0,0.8449478201568127,3.5423999999999998,0.43591418862342834,2.2933867735470943e-05,2236,0.521,0.5716491045430303,22140,5833.351059576,1764977417.7950792
23605755.0,0.8488541379570961,3.544,0.4625667929649353,2.2853707414829663e-05,2237,0.5054,0.542518469505012,22150,5856.951986754,1764977441.3959873
23704163.0,0.8482206732034683,3.5456,0.392349511384964,2.2773547094188376e-05,2238,0.5037,0.548063401132822,22160,5883.234864025,1764977467.6787128
23797320.0,0.847591845691204,3.5472,0.4867739975452423,2.2693386773547097e-05,2239,0.5058,0.5507085902616382,22170,5907.80456661,1764977492.2487004
23902636.0,0.8499999925494194,3.5488,0.39577794075012207,2.261322645290581e-05,2240,0.5005,0.520873649045825,22180,5931.207824867,1764977515.651895
24000557.0,0.8467364363372326,3.5504,0.3797667920589447,2.253306613226453e-05,2241,0.5195,0.5418490305542946,22190,5954.245735217,1764977538.689735
24105425.0,0.8489724531769752,3.552,0.4511254131793976,2.2452905811623247e-05,2242,0.4893,0.522169043123722,22200,5977.019618957,1764977561.4637573
24198882.0,0.8487808458507061,3.5536,0.3882482945919037,2.2372745490981963e-05,2243,0.4985,0.5312241846695542,22210,6001.628511114,1764977586.0726087
24297832.0,0.8598322570323944,3.5552,0.43458250164985657,2.2292585170340683e-05,2244,0.4582,0.4967592617496848,22220,6024.911403863,1764977609.3554041
24392937.0,0.8502407982945442,3.5568,0.39714697003364563,2.22124248496994e-05,2245,0.521,0.5437878313474357,22230,6052.40051362,1764977636.8446577
24486635.0,0.8553403586149215,3.5584,0.4247781038284302,2.2132264529058117e-05,2246,0.4909,0.5084629507735372,22240,6075.349152767,1764977659.7931147
24582243.0,0.852329733222723,3.56,0.386360764503479,2.2052104208416834e-05,2247,0.4722,0.5313841670751571,22250,6098.511138008,1764977682.9552584
24677453.0,0.8439172670245171,3.5616,0.397812157869339,2.1971943887775554e-05,2248,0.5327,0.5599372515454888,22260,6121.663946744,1764977706.1080396
24766189.0,0.8510206624865532,3.5632,0.48462754487991333,2.189178356713427e-05,2249,0.4719,0.5395632807165385,22270,6144.309044257,1764977728.7529674
24852636.0,0.8370199762284756,3.5648,0.5498058199882507,2.1811623246492987e-05,2250,0.5495,0.5802000980824232,22280,6173.829566035,1764977758.2732475
24952671.0,0.8641447700560093,3.5664,0.3646908700466156,2.1731462925851704e-05,2251,0.4537,0.47821483109146357,22290,6197.562308573,1764977782.0063941
25048351.0,0.8405717007815838,3.568,0.4726753532886505,2.165130260521042e-05,2252,0.5216,0.5616862470284104,22300,6221.489962958,1764977805.9340823
25138857.0,0.8489649072289467,3.5696,0.35928741097450256,2.157114228456914e-05,2253,0.5075,0.5193427002057434,22310,6244.457584912,1764977828.901723
25232318.0,0.8541073471307754,3.5712,0.37521931529045105,2.1490981963927857e-05,2254,0.4814,0.5200738593935966,22320,6267.376050197,1764977851.8193905
25317480.0,0.8477687880396843,3.5728,0.4834766089916229,2.1410821643286574e-05,2255,0.5064,0.5589326344430446,22330,6290.391865926,1764977874.8359706
25414301.0,0.841184951364994,3.5744,0.5146569013595581,2.1330661322645294e-05,2256,0.5381,0.5510770253837108,22340,6313.850209691,1764977898.2943382
25506860.0,0.8628133416175843,3.576,0.31945672631263733,2.1250501002004007e-05,2257,0.452,0.4882026812061667,22350,6337.061410354,1764977921.505558
25612024.0,0.8452518366277217,3.5776,0.396919310092926,2.1170340681362728e-05,2258,0.5185,0.5578419607132673,22360,6361.35507759,1764977945.7983637
25700533.0,0.841766569763422,3.5792,0.46611249446868896,2.1090180360721444e-05,2259,0.5049,0.5517549963667989,22370,6384.724132692,1764977969.1681137
25790212.0,0.8360243916511536,3.5808,0.366343230009079,2.101002004008016e-05,2260,0.5215,0.574402835406363,22380,6407.642323989,1764977992.086214
25877656.0,0.8458150051534176,3.5824,0.36167338490486145,2.092985971943888e-05,2261,0.5095,0.5377038381993771,22390,6430.991336844,1764978015.4355235
25967879.0,0.8444582037627697,3.584,0.5196126103401184,2.0849699398797594e-05,2262,0.5096,0.5683337174355984,22400,6454.708376021,1764978039.1519318
26064020.0,0.8361125253140926,3.5856,0.3858219385147095,2.0769539078156314e-05,2263,0.5542,0.5668399402871728,22410,6481.037549482,1764978065.481688
26162486.0,0.8477062292397022,3.5872,0.38943955302238464,2.068937875751503e-05,2264,0.5218,0.5471304083243013,22420,6503.865176272,1764978088.3093028
26262745.0,0.8568230383098125,3.5888,0.36403316259384155,2.0609218436873748e-05,2265,0.4775,0.5162940122187137,22430,6526.523570036,1764978110.967563
26349179.0,0.8514357440173626,3.5904,0.6118747591972351,2.0529058116232468e-05,2266,0.4742,0.5467266913503408,22440,6549.230597161,1764978133.6746888
26451864.0,0.8533208303153514,3.592,0.4397406280040741,2.044889779559118e-05,2267,0.4823,0.5215218082070351,22450,6572.573397892,1764978157.0136082
26539534.0,0.8438419654965401,3.5936,0.5319576263427734,2.03687374749499e-05,2268,0.5118,0.5641801320016384,22460,6596.587175073,1764978181.0305657
26629697.0,0.8486502632498741,3.5952,0.41343599557876587,2.0288577154308618e-05,2269,0.5158,0.5539362663403153,22470,6626.29786683,1764978210.74151
26731575.0,0.8577217981219292,3.5968,0.3477358818054199,2.0208416833667335e-05,2270,0.4872,0.533182755485177,22480,6649.496269775,1764978233.9403899
26835752.0,0.8477466151118278,3.5984,0.3645060956478119,2.012825651302605e-05,2271,0.4996,0.537069215066731,22490,6672.749317926,1764978257.193303
26935870.0,0.8602402254939079,3.6,0.38029372692108154,2.004809619238477e-05,2272,0.468,0.4990916637703776,22500,6696.362114829,1764978280.8061216
27023404.0,0.8588374152779579,3.6016,0.38799065351486206,1.996793587174349e-05,2273,0.4585,0.5076394790783525,22510,6726.59620699,1764978311.0376005
27120515.0,0.8547459751367569,3.6032,0.3976041078567505,1.9887775551102205e-05,2274,0.492,0.5207689986564219,22520,6751.646071181,1764978336.0898867
27218791.0,0.8601728618144989,3.6048,0.37971627712249756,1.9807615230460925e-05,2275,0.4737,0.5070662224665284,22530,6774.947205555,1764978359.3912628
27310778.0,0.8451493240892887,3.6064,0.38421809673309326,1.972745490981964e-05,2276,0.5131,0.5579379802569747,22540,6797.729709011,1764978382.1738539
27402905.0,0.8520636886358262,3.608,0.40418899059295654,1.964729458917836e-05,2277,0.4879,0.5546265371143818,22550,6820.781996126,1764978405.2260356
27498990.0,0.8545110270380973,3.6096,0.5029565095901489,1.9567134268537075e-05,2278,0.4819,0.5139007160440088,22560,6843.839787398,1764978428.2838924
27603369.0,0.8524368420243263,3.6112,0.40413451194763184,1.9486973947895792e-05,2279,0.4825,0.5084549782797694,22570,6867.155436043,1764978451.5994117
27697813.0,0.8510257132351399,3.6128,0.5214201211929321,1.9406813627254512e-05,2280,0.5168,0.5310224527493119,22580,6890.613971383,1764978475.0580053
27791922.0,0.8321955963969231,3.6144,0.37509670853614807,1.9326653306613225e-05,2281,0.5829,0.6013599932193756,22590,6913.720325229,1764978498.1644018
27882526.0,0.859841850399971,3.616,0.4956352710723877,1.9246492985971945e-05,2282,0.4593,0.5037943102419377,22600,6936.579354061,1764978521.0231452
27979024.0,0.8419971451163292,3.6176,0.49954745173454285,1.9166332665330662e-05,2283,0.5373,0.5616640163585543,22610,6962.108375594,1764978546.5523043
28067017.0,0.8528867557644844,3.6192,0.48234260082244873,1.908617234468938e-05,2284,0.4749,0.5223519492894411,22620,6984.350066235,1764978568.794203
28160500.0,0.854786379635334,3.6208,0.341503769159317,1.90060120240481e-05,2285,0.4771,0.5023075236007571,22630,7006.696553066,1764978591.140615
28251846.0,0.8374123387038708,3.6224,0.4281187355518341,1.8925851703406812e-05,2286,0.525,0.5868923837319017,22640,7029.03110765,1764978613.4749293
28342964.0,0.8552337191998959,3.624,0.4003487229347229,1.8845691382765532e-05,2287,0.4815,0.5302486792206764,22650,7051.481147765,1764978635.9251735
28435643.0,0.842078474164009,3.6256,0.37018463015556335,1.876553106212425e-05,2288,0.5273,0.539707113057375,22660,7074.348638917,1764978658.7928193
28530524.0,0.8408188790082931,3.6272,0.4637683928012848,1.8685370741482966e-05,2289,0.5407,0.5704464130103588,22670,7096.679195209,1764978681.1231396
28627462.0,0.8556055732071399,3.6288,0.4322124123573303,1.8605210420841686e-05,2290,0.4954,0.5089719295501709,22680,7124.161104728,1764978708.6041722
28719064.0,0.8544673673808575,3.6304,0.4138854742050171,1.8525050100200403e-05,2291,0.4851,0.5465583382174373,22690,7149.232074804,1764978733.6761653
28818684.0,0.8374386683106423,3.632,0.3238312602043152,1.844488977955912e-05,2292,0.5366,0.5649123316630721,22700,7172.511042106,1764978756.955121
28911802.0,0.8600872166454792,3.6336,0.383380651473999,1.8364729458917836e-05,2293,0.4434,0.5158048531040549,22710,7196.066905261,1764978780.5109596
29013982.0,0.843147088587284,3.6352,0.36447635293006897,1.8284569138276553e-05,2294,0.5165,0.5557468742132187,22720,7218.978306371,1764978803.4223237
29112339.0,0.8416256450116635,3.6368,0.3559930920600891,1.8204408817635273e-05,2295,0.5295,0.5628174282610416,22730,7242.168169931,1764978826.6123483
29198542.0,0.8503221437335015,3.6384,0.4634234309196472,1.812424849699399e-05,2296,0.5013,0.542248896509409,22740,7264.837265504,1764978849.2792683
29286145.0,0.8525655835866928,3.64,0.4223540127277374,1.8044088176352706e-05,2297,0.4897,0.5442322717979551,22750,7288.121588588,1764978872.5655806
29382654.0,0.8491072379052639,3.6416,0.33870336413383484,1.7963927855711423e-05,2298,0.5163,0.5386484092101455,22760,7311.215443974,1764978895.65956
29475147.0,0.8490788072347641,3.6432,0.405310720205307,1.7883767535070143e-05,2299,0.5023,0.5315640974789858,22770,7334.11444834,1764978918.5585437
29577958.0,0.835716362297535,3.6448,0.4332885444164276,1.7803607214428856e-05,2300,0.5503,0.5793003503233194,22780,7357.136375194,1764978941.5802283
29669047.0,0.84656116142869,3.6464,0.3036852777004242,1.7723446893787576e-05,2301,0.5206,0.5686120649799704,22790,7379.835865919,1764978964.2795668
29761734.0,0.8428351320326328,3.648,0.4483346939086914,1.7643286573146293e-05,2302,0.5328,0.5668521579355001,22800,7402.629770539,1764978987.0737104
29859788.0,0.8464989975094795,3.6496,0.39538317918777466,1.756312625250501e-05,2303,0.5281,0.5451621858403086,22810,7428.53369432,1764979012.977637
29949306.0,0.8456704154610634,3.6512000000000002,0.3094199597835541,1.748296593186373e-05,2304,0.5099,0.5472157694399357,22820,7451.125858463,1764979035.5700119
30039054.0,0.8420751370489598,3.6528,0.39045777916908264,1.7402805611222443e-05,2305,0.5264,0.5685524746775628,22830,7473.908927764,1764979058.352653
30129720.0,0.8432912901043892,3.6544,0.39721420407295227,1.7322645290581163e-05,2306,0.5122,0.5550602938979864,22840,7496.956550404,1764979081.4007058
30219010.0,0.8502508096396924,3.656,0.4035967290401459,1.724248496993988e-05,2307,0.4919,0.5173115730285645,22850,7520.094535848,1764979104.5385656
30313776.0,0.8459227077662945,3.6576,0.47514984011650085,1.7162324649298597e-05,2308,0.5197,0.5304398227483034,22860,7543.71116324,1764979128.1552565
30405558.0,0.8467642143368721,3.6592000000000002,0.41352686285972595,1.7082164328657317e-05,2309,0.5039,0.5403308114036918,22870,7566.390183857,1764979150.8341575
30503857.0,0.8300218723714352,3.6608,0.38022953271865845,1.7002004008016034e-05,2310,0.5474,0.6049114406108856,22880,7589.478487509,1764979173.9225783
30594212.0,0.8463084429502488,3.6624,0.4960115849971771,1.692184368737475e-05,2311,0.4957,0.5489418242126703,22890,7611.822408907,1764979196.2665343
30681745.0,0.8582676120102406,3.664,0.43873336911201477,1.6841683366733467e-05,2312,0.4674,0.5060189336538314,22900,7634.014507302,1764979218.4586422
30775257.0,0.8489701665937901,3.6656,0.4622448980808258,1.6761523046092184e-05,2313,0.4891,0.5362979754805565,22910,7657.35588655,1764979241.7998214
30867804.0,0.8548991262912751,3.6672000000000002,0.3821392357349396,1.6681362725450904e-05,2314,0.4752,0.5311139369383454,22920,7680.554214401,1764979264.9976451
30955041.0,0.8461542896926403,3.6688,0.46597737073898315,1.660120240480962e-05,2315,0.505,0.5543435042724013,22930,7703.4522461,1764979287.8960197
31045574.0,0.8514757670462132,3.6704,0.41200077533721924,1.6521042084168337e-05,2316,0.4795,0.5244009971618653,22940,7726.199353799,1764979310.643445
31135137.0,0.846710629016161,3.672,0.43656307458877563,1.6440881763527054e-05,2317,0.5048,0.5564045064151287,22950,7749.192822479,1764979333.6367242
31230323.0,0.8525060147047043,3.6736,0.38153010606765747,1.6360721442885774e-05,2318,0.4719,0.525031017139554,22960,7772.059582459,1764979356.5036232
31325543.0,0.8518301345407963,3.6752000000000002,0.436350017786026,1.628056112224449e-05,2319,0.4604,0.5465395282953978,22970,7794.821069125,1764979379.2650013
31428373.0,0.8475102648139,3.6768,0.4887896478176117,1.6200400801603208e-05,2320,0.4927,0.5336554039269685,22980,7816.794866859,1764979401.2389612
31524826.0,0.8513426125049591,3.6784,0.3652842342853546,1.6120240480961924e-05,2321,0.4867,0.5299788180738687,22990,7838.323570797,1764979422.7675698
31620483.0,0.8674439355731011,3.68,0.3481921851634979,1.604008016032064e-05,2322,0.437,0.4945168264210224,23000,7860.065518574,1764979444.5095708
31719985.0,0.8535221211612225,3.6816,0.4225173890590668,1.595991983967936e-05,2323,0.5018,0.5296042486093938,23010,7884.602896111,1764979469.0468993
31808947.0,0.8551331862807274,3.6832000000000003,0.3974679410457611,1.5879759519038074e-05,2324,0.4863,0.5097047682851553,23020,7905.920964256,1764979490.3649657
31902207.0,0.8535904169082642,3.6848,0.33822908997535706,1.5799599198396794e-05,2325,0.4706,0.5369069429114461,23030,7927.211459733,1764979511.6555266
31998216.0,0.8486219398677349,3.6864,0.3410157263278961,1.5719438877755515e-05,2326,0.5069,0.5337258078157902,23040,7948.625397258,1764979533.06928
32090954.0,0.8401539899408818,3.6879999999999997,0.35410481691360474,1.5639278557114228e-05,2327,0.5346,0.5603275561705232,23050,7969.692972897,1764979554.136908
32180439.0,0.8452949404716492,3.6896,0.4776060879230499,1.5559118236472948e-05,2328,0.5311,0.5355688072741032,23060,7990.591130773,1764979575.0352552
32282519.0,0.8446489207446575,3.6912000000000003,0.4031845033168793,1.547895791583166e-05,2329,0.5093,0.5463170070201159,23070,8011.902947851,1764979596.346964
32382638.0,0.8525629036128521,3.6928,0.42205607891082764,1.539879759519038e-05,2330,0.476,0.5293469497933984,23080,8033.010732847,1764979617.4547064
32481118.0,0.8472170144319534,3.6944,0.504157304763794,1.5318637274549098e-05,2331,0.5196,0.5433220718055963,23090,8054.238930394,1764979638.6828227
32569621.0,0.8515924297273159,3.6959999999999997,0.49837350845336914,1.5238476953907815e-05,2332,0.4943,0.5352698739618063,23100,8075.07835354,1764979659.5224078
32667357.0,0.8505146369338036,3.6976,0.4168006181716919,1.5158316633266533e-05,2333,0.5107,0.5304068112745881,23110,8096.423657195,1764979680.8676004
32760367.0,0.8504756815731526,3.6992000000000003,0.44912511110305786,1.5078156312625252e-05,2334,0.5067,0.5560081552714109,23120,8117.427950783,1764979701.8719656
32854892.0,0.8462331362068654,3.7008,0.49823465943336487,1.4997995991983968e-05,2335,0.5149,0.5346962565556168,23130,8138.454895539,1764979722.898559
32950818.0,0.8482071250677109,3.7024,0.3970882296562195,1.4917835671342687e-05,2336,0.4997,0.5360667752102017,23140,8159.991030731,1764979744.4349978
33051584.0,0.8441736668348312,3.7039999999999997,0.4296860992908478,1.4837675350701402e-05,2337,0.5136,0.5478907931596041,23150,8181.217769854,1764979765.66178
33141770.0,0.8465353578329087,3.7056,0.4310210347175598,1.475751503006012e-05,2338,0.5005,0.5610221315175294,23160,8202.171327321,1764979786.615342
33228874.0,0.8460277885198593,3.7072000000000003,0.4687475562095642,1.4677354709418839e-05,2339,0.4901,0.5263132438063621,23170,8223.070290202,1764979807.5143433
33315553.0,0.8421767629683018,3.7088,0.49808284640312195,1.4597194388777555e-05,2340,0.497,0.5742384159937501,23180,8243.665956623,1764979828.1098547
33414503.0,0.8564984984695911,3.7104,0.3939726948738098,1.4517034068136274e-05,2341,0.4481,0.5033287342637778,23190,8264.589741914,1764979849.0336607
33500462.0,0.8434658661484719,3.7119999999999997,0.4448520839214325,1.4436873747494992e-05,2342,0.5142,0.5498128026723862,23200,8284.906067975,1764979869.3500671
33595491.0,0.8428681798279285,3.7136,0.4244144856929779,1.4356713426853707e-05,2343,0.5218,0.5501910397782922,23210,8308.367461832,1764979892.811446
33691678.0,0.8420392222702503,3.7152,0.4755155146121979,1.4276553106212425e-05,2344,0.5372,0.5825602300465107,23220,8328.886513369,1764979913.3304453
33783544.0,0.8475689217448235,3.7168,0.4572330713272095,1.4196392785571144e-05,2345,0.5167,0.5541685566306114,23230,8349.751758931,1764979934.195732
33874175.0,0.8516901507973671,3.7184,0.47249603271484375,1.411623246492986e-05,2346,0.4942,0.5225539116188884,23240,8370.452258962,1764979954.8963099
33974097.0,0.8443549051880836,3.7199999999999998,0.38320133090019226,1.4036072144288579e-05,2347,0.5151,0.5524586854502559,23250,8391.269774657,1764979975.713765
34060823.0,0.8395920231938362,3.7216,0.4529435336589813,1.3955911823647294e-05,2348,0.5159,0.5594445247203111,23260,8411.936488846,1764979996.3805385
34156625.0,0.8622581161558628,3.7232,0.4353763163089752,1.3875751503006012e-05,2349,0.4474,0.4868647541850805,23270,8433.023354036,1764980017.4673245
34248318.0,0.8498190127313137,3.7248,0.4141121506690979,1.379559118236473e-05,2350,0.4847,0.5302768146619201,23280,8453.840756653,1764980038.2847624
34339933.0,0.8493304699659348,3.7264,0.4623176157474518,1.3715430861723447e-05,2351,0.5153,0.5301180364564061,23290,8474.720030489,1764980059.1618397
34432575.0,0.8486836023628712,3.7279999999999998,0.37692585587501526,1.3635270541082166e-05,2352,0.5004,0.5419582122936845,23300,8495.225279749,1764980079.6689577
34522874.0,0.8502995230257511,3.7296,0.3574032485485077,1.3555110220440884e-05,2353,0.48,0.5478375416249037,23310,8515.956336237,1764980100.400211
34620454.0,0.8517195306718349,3.7312,0.40815603733062744,1.34749498997996e-05,2354,0.4871,0.5286022238433361,23320,8536.927870518,1764980121.371868
34710550.0,0.8372950129210949,3.7328,0.4449805021286011,1.3394789579158318e-05,2355,0.543,0.5852964829653502,23330,8557.891125923,1764980142.335192
34817298.0,0.8422036863863468,3.7344,0.37053748965263367,1.3314629258517033e-05,2356,0.5259,0.555390396527946,23340,8578.99561051,1764980163.4393284
34910126.0,0.8467484891414643,3.7359999999999998,0.33764946460723877,1.3234468937875751e-05,2357,0.5,0.5511333277449012,23350,8599.628301871,1764980184.072242
34999417.0,0.8638760760426522,3.7376,0.5272163152694702,1.3154308617234471e-05,2358,0.4524,0.5148648748174309,23360,8620.291739937,1764980204.7356782
35087862.0,0.8400214105844498,3.7392,0.38556990027427673,1.3074148296593186e-05,2359,0.5294,0.5783038739115,23370,8640.814848083,1764980225.2588568
35179283.0,0.840652946382761,3.7408,0.3518421947956085,1.2993987975951905e-05,2360,0.5311,0.5516901306807995,23380,8663.549094329,1764980247.9932177
35281675.0,0.8435318194329738,3.7424,0.4126646816730499,1.2913827655310623e-05,2361,0.5316,0.5494182830676436,23390,8685.357058653,1764980269.8011682
35372159.0,0.8548625536262989,3.7439999999999998,0.5431830883026123,1.2833667334669338e-05,2362,0.4809,0.515217037498951,23400,8706.527465785,1764980290.9713304
35464295.0,0.8562240913510323,3.7456,0.49322032928466797,1.2753507014028056e-05,2363,0.4633,0.5046600723639131,23410,8729.799632823,1764980314.243583
35546430.0,0.853009382635355,3.7472,0.35786309838294983,1.2673346693386773e-05,2364,0.4802,0.5407177567481994,23420,8750.263631946,1764980334.7075207
35634073.0,0.847321118414402,3.7488,0.5176978707313538,1.2593186372745492e-05,2365,0.493,0.5516342962160706,23430,8770.971279855,1764980355.4152994
35727559.0,0.8545497722923756,3.7504,0.31182295083999634,1.251302605210421e-05,2366,0.4696,0.5233450792729855,23440,8791.595550157,1764980376.0396988
35821155.0,0.8459501028060913,3.752,0.37976565957069397,1.2432865731462927e-05,2367,0.5055,0.551632459834218,23450,8812.379863828,1764980396.8238332
35914543.0,0.8468952231109143,3.7536,0.4261745810508728,1.2352705410821643e-05,2368,0.512,0.5410872748121619,23460,8832.932520174,1764980417.3764226
36019320.0,0.8591608062386513,3.7552,0.4268867075443268,1.2272545090180362e-05,2369,0.4635,0.4874885633587837,23470,8853.970618288,1764980438.4146438
36113646.0,0.8464507661759854,3.7568,0.433454304933548,1.219238476953908e-05,2370,0.501,0.5601533049717545,23480,8875.139912263,1764980459.5839832
36208893.0,0.8390716627240181,3.7584,0.4148341715335846,1.2112224448897797e-05,2371,0.5256,0.5713910091668367,23490,8896.278521436,1764980480.7225013
36300222.0,0.8644786611199379,3.76,0.4728964865207672,1.2032064128256514e-05,2372,0.4623,0.5236442118883133,23500,8916.680577978,1764980501.1245785
36397218.0,0.8356810376048088,3.7616,0.42314326763153076,1.195190380761523e-05,2373,0.5618,0.5761772201396524,23510,8937.42859247,1764980521.8726892
36482540.0,0.8479653462767601,3.7632,0.4823289215564728,1.1871743486973949e-05,2374,0.4908,0.542870687507093,23520,8957.575385914,1764980542.0194173
36559284.0,0.8484368942677974,3.7648,0.4172632694244385,1.1791583166332665e-05,2375,0.4762,0.5509305013343692,23530,8977.85378144,1764980562.2979255
36657056.0,0.8311141513288021,3.7664,0.4477708041667938,1.1711422845691384e-05,2376,0.5803,0.6072886066511274,23540,8998.728856949,1764980583.1729376
36742216.0,0.839774027466774,3.768,0.454018235206604,1.16312625250501e-05,2377,0.5516,0.5847741696983576,23550,9019.4490695,1764980603.8924463
36837840.0,0.8426970735192298,3.7696,0.3603242337703705,1.1551102204408819e-05,2378,0.5422,0.563449090346694,23560,9040.455705059,1764980624.899657
36927644.0,0.8450638122856617,3.7712,0.4215235710144043,1.1470941883767536e-05,2379,0.5147,0.5610070152208209,23570,9061.102640864,1764980645.5466022
37020648.0,0.8516623176634311,3.7728,0.47099074721336365,1.1390781563126252e-05,2380,0.4838,0.5306015102192759,23580,9082.173754224,1764980666.6176481
37113355.0,0.8479400515556336,3.7744,0.44976311922073364,1.131062124248497e-05,2381,0.5069,0.5403747994452714,23590,9103.213131291,1764980687.657001
37200708.0,0.8540459111332893,3.776,0.44182687997817993,1.123046092184369e-05,2382,0.4674,0.5163695815950632,23600,9123.734286701,1764980708.1781652
37292144.0,0.8515327475965023,3.7776,0.5062524676322937,1.1150300601202406e-05,2383,0.492,0.5337099386379123,23610,9147.10646767,1764980731.5505133
37384030.0,0.8485922887921333,3.7792,0.4631626009941101,1.1070140280561123e-05,2384,0.4895,0.5362048856914043,23620,9167.553971993,1764980751.9979515
37473104.0,0.8477134980261326,3.7808,0.47415608167648315,1.098997995991984e-05,2385,0.5045,0.53849807549268,23630,9188.004001584,1764980772.4479754
37567498.0,0.849888525903225,3.7824,0.4145975112915039,1.0909819639278558e-05,2386,0.5119,0.5234777322039008,23640,9208.828795293,1764980793.272841
37653245.0,0.849172767996788,3.784,0.49060291051864624,1.0829659318637274e-05,2387,0.4943,0.5232413964346051,23650,9229.117989361,1764980813.562107
37740553.0,0.8447866760194301,3.7856,0.501034677028656,1.0749498997995993e-05,2388,0.4966,0.5625765299424529,23660,9249.809102682,1764980834.2531965
37827924.0,0.8442065805196762,3.7872,0.3765847682952881,1.066933867735471e-05,2389,0.5157,0.5763095764443278,23670,9270.520265964,1764980854.9642136
37926467.0,0.8398777149617672,3.7888,0.33523446321487427,1.0589178356713428e-05,2390,0.5366,0.5835996443405748,23680,9291.281523949,1764980875.7254484
38020216.0,0.8503935046494007,3.7904,0.34280380606651306,1.0509018036072145e-05,2391,0.4818,0.5219991249963641,23690,9312.628654309,1764980897.072806
38116622.0,0.8395824775099754,3.792,0.36008211970329285,1.0428857715430861e-05,2392,0.5636,0.5665788151323795,23700,9334.066242533,1764980918.5104306
38204190.0,0.8504267014563084,3.7936,0.4125240445137024,1.034869739478958e-05,2393,0.4943,0.5591998120769859,23710,9354.817531934,1764980939.2614899
38301626.0,0.8540341190993785,3.7952,0.3567016124725342,1.0268537074148298e-05,2394,0.4783,0.5360642805695534,23720,9376.059594519,1764980960.5035374
38402158.0,0.8485859736800194,3.7968,0.38332849740982056,1.0188376753507015e-05,2395,0.4982,0.5347125113010407,23730,9396.825365556,1764980981.2691524
38506035.0,0.8593693137168884,3.7984,0.33388662338256836,1.0108216432865732e-05,2396,0.4665,0.5018196390941739,23740,9417.976148076,1764981002.4199963
38594081.0,0.8572712033987046,3.8,0.4631657302379608,1.0028056112224448e-05,2397,0.4605,0.5121076893061399,23750,9438.244740788,1764981022.6886985
38696695.0,0.8458448648452759,3.8016,0.3493507206439972,9.947895791583167e-06,2398,0.5385,0.5529050532728433,23760,9459.153244719,1764981043.5971584
38791542.0,0.8347027458250522,3.8032,0.4553300440311432,9.867735470941885e-06,2399,0.5658,0.5749967845156789,23770,9479.803571513,1764981064.2474983
38891361.0,0.8612290143966674,3.8048,0.3437615931034088,9.787575150300602e-06,2400,0.4434,0.5017104042693973,23780,9500.56600281,1764981085.0099707
38979791.0,0.8500786788761616,3.8064,0.45203685760498047,9.707414829659318e-06,2401,0.4851,0.5564406732097268,23790,9520.80021017,1764981105.2440777
39081486.0,0.8624445833265781,3.808,0.5107123255729675,9.627254509018037e-06,2402,0.4665,0.5238449113443494,23800,9541.563141581,1764981126.007085
39169034.0,0.8635490342974663,3.8096,0.41497236490249634,9.547094188376754e-06,2403,0.4457,0.5114830419421196,23810,9564.5905476,1764981149.0345895
39261322.0,0.853275403380394,3.8112,0.3853897154331207,9.46693386773547e-06,2404,0.4904,0.5221032634377479,23820,9585.181068584,1764981169.62501
39359144.0,0.8537298060953618,3.8128,0.3506373167037964,9.386773547094189e-06,2405,0.4554,0.5279750410467386,23830,9606.035271301,1764981190.4793704
39463977.0,0.8452270552515984,3.8144,0.4861445426940918,9.306613226452907e-06,2406,0.5256,0.5381167609244585,23840,9627.565465882,1764981212.0093515
39561879.0,0.8380520030856132,3.816,0.3945449888706207,9.226452905811624e-06,2407,0.5576,0.5729559823870659,23850,9648.836845126,1764981233.2807992
39651561.0,0.8582394555211067,3.8176,0.43928250670433044,9.14629258517034e-06,2408,0.4594,0.5303133595734835,23860,9669.317830771,1764981253.7616878
39743938.0,0.8466215275228024,3.8192,0.4438934028148651,9.066132264529059e-06,2409,0.5268,0.5416421048343182,23870,9690.276126048,1764981274.7200034
39845252.0,0.8488756135106087,3.8208,0.3872426450252533,8.985971943887776e-06,2410,0.5032,0.5565833820030093,23880,9711.387279001,1764981295.831182
39934579.0,0.8478968046605587,3.8224,0.408833771944046,8.905811623246494e-06,2411,0.5028,0.5443186836317182,23890,9732.046678554,1764981316.4907002
40020117.0,0.8506329528987407,3.824,0.383786141872406,8.82565130260521e-06,2412,0.4863,0.5315806239843368,23900,9752.39818348,1764981336.842256
40102138.0,0.8436455897986889,3.8256,0.45355474948883057,8.74549098196393e-06,2413,0.516,0.5863533912226557,23910,9772.895256743,1764981357.3391788
40201525.0,0.8498158872127533,3.8272,0.3670054078102112,8.665330661322646e-06,2414,0.5118,0.5229957405477762,23920,9793.746532972,1764981378.1905034
40301120.0,0.8535851061344146,3.8288,0.32930994033813477,8.585170340681363e-06,2415,0.4865,0.5069352133199573,23930,9814.482383834,1764981398.9263158
40397254.0,0.8496803157031536,3.8304,0.39275404810905457,8.50501002004008e-06,2416,0.5017,0.5448158148676157,23940,9835.50815075,1764981419.9521012
40488696.0,0.8515358410775662,3.832,0.31642213463783264,8.424849699398798e-06,2417,0.4813,0.5076352482661605,23950,9856.212862901,1764981440.6567905
40576263.0,0.847373503446579,3.8336,0.41833218932151794,8.344689378757516e-06,2418,0.5092,0.5551182253286242,23960,9876.95524509,1764981461.3992724
40664118.0,0.8412774689495564,3.8352,0.39898931980133057,8.264529058116233e-06,2419,0.5176,0.5483534341678024,23970,9897.402599031,1764981481.8465145
40754414.0,0.8514498636126518,3.8368,0.38103777170181274,8.18436873747495e-06,2420,0.4881,0.5289051128551364,23980,9917.798136419,1764981502.242236
40856828.0,0.838438430428505,3.8384,0.3579847514629364,8.104208416833668e-06,2421,0.5348,0.5692929860204459,23990,9938.89330847,1764981523.337372
40944205.0,0.857943944633007,3.84,0.401670902967453,8.024048096192385e-06,2422,0.4539,0.521003058925271,24000,9959.693324715,1764981544.1374109
41041614.0,0.8518394142389297,3.8416,0.43909603357315063,7.943887775551103e-06,2423,0.4975,0.5192724734544754,24010,9983.080352078,1764981567.524574
41137829.0,0.8333870269358158,3.8432,0.4762504994869232,7.86372745490982e-06,2424,0.568,0.5815214484930038,24020,10003.729176395,1764981588.1731153
41228696.0,0.8527266256511211,3.8448,0.504044771194458,7.783567134268538e-06,2425,0.4794,0.5307075772434473,24030,10024.396265016,1764981608.8403542
41314493.0,0.8457653455436229,3.8464,0.4495914876461029,7.703406813627255e-06,2426,0.513,0.5509318547323346,24040,10045.180131766,1764981629.6240704
41405440.0,0.8373573787510395,3.848,0.44627851247787476,7.623246492985972e-06,2427,0.568,0.5662060743197799,24050,10066.471506725,1764981650.915485
41501576.0,0.8611153416335583,3.8496,0.4010387361049652,7.543086172344689e-06,2428,0.4562,0.50893500354141,24060,10087.477166149,1764981671.9210608
41596387.0,0.8440818734467029,3.8512,0.574928879737854,7.4629258517034075e-06,2429,0.5311,0.5518548205494881,24070,10108.096236174,1764981692.5402558
41697910.0,0.8577502265572547,3.8528000000000002,0.3637450933456421,7.382765531062125e-06,2430,0.4549,0.5191610783338547,24080,10129.144124099,1764981713.5880864
41800858.0,0.841263122111559,3.8544,0.36939117312431335,7.302605210420842e-06,2431,0.5167,0.5652880396693944,24090,10150.621783885,1764981735.065675
41895523.0,0.8406385771930218,3.856,0.3690664768218994,7.2224448897795585e-06,2432,0.5396,0.5583741087466478,24100,10171.190516467,1764981755.634562
41994438.0,0.8501749217510224,3.8576,0.4027077555656433,7.142284569138277e-06,2433,0.4959,0.526423036493361,24110,10192.149154778,1764981776.593074
42080934.0,0.854986660182476,3.8592,0.4819265305995941,7.0621242484969944e-06,2434,0.4759,0.5126579707488418,24120,10212.368270925,1764981796.8122447
42164955.0,0.8478878661990166,3.8608000000000002,0.5602869987487793,6.981963927855711e-06,2435,0.4989,0.5457730777561665,24130,10233.198580469,1764981817.6427011
42256323.0,0.844328124821186,3.8624,0.42012983560562134,6.9018036072144296e-06,2436,0.5084,0.5363230736926198,24140,10254.133871162,1764981838.5778704
42348733.0,0.8493042461574077,3.864,0.36788225173950195,6.821643286573147e-06,2437,0.493,0.5423284228891134,24150,10275.277508157,1764981859.7216763
42443395.0,0.8486314043402672,3.8656,0.4009338319301605,6.741482965931864e-06,2438,0.5291,0.5455026991665364,24160,10296.183246019,1764981880.627237
42536223.0,0.8373516790568829,3.8672,0.5103387236595154,6.661322645290581e-06,2439,0.5185,0.5812412489205598,24170,10317.0424098,1764981901.4863052
42632513.0,0.8492772422730923,3.8688000000000002,0.39739933609962463,6.5811623246493e-06,2440,0.4813,0.5312445951625705,24180,10337.872180536,1764981922.3160827
42727392.0,0.8458064332604408,3.8704,0.3632665276527405,6.5010020040080165e-06,2441,0.5147,0.5549074437469244,24190,10358.695522995,1764981943.1394546
42823347.0,0.8521082408726215,3.872,0.357151061296463,6.420841683366734e-06,2442,0.4844,0.5258809689432382,24200,10379.218164607,1764981963.6622653
42917632.0,0.8379715748131276,3.8736,0.5032950043678284,6.340681362725451e-06,2443,0.5386,0.585691561549902,24210,10402.655032601,1764981987.0991476
43005216.0,0.8522752545773983,3.8752,0.4236157238483429,6.260521042084169e-06,2444,0.4804,0.5235361821949482,24220,10423.399553078,1764982007.8437543
43106477.0,0.8567884631454945,3.8768000000000002,0.43304553627967834,6.180360721442887e-06,2445,0.486,0.5342973532155156,24230,10444.502309279,1764982028.9460804
43198152.0,0.8471031539142132,3.8784,0.48870599269866943,6.100200400801603e-06,2446,0.4965,0.5232217723503709,24240,10465.632066514,1764982050.0758939
43287909.0,0.8501100718975068,3.88,0.37740564346313477,6.020040080160321e-06,2447,0.5026,0.5402004886418581,24250,10486.543782821,1764982070.9875653
43378790.0,0.8523248866200447,3.8816,0.40845829248428345,5.9398797595190385e-06,2448,0.4791,0.5252877714112401,24260,10507.654118464,1764982092.0979447
43467822.0,0.8588069804012776,3.8832,0.3616943657398224,5.859719438877756e-06,2449,0.4454,0.5323510663583875,24270,10528.428232637,1764982112.8721054
43565505.0,0.8411949940025807,3.8848000000000003,0.5634015798568726,5.779559118236473e-06,2450,0.5387,0.547886267490685,24280,10549.376746537,1764982133.8206124
43652989.0,0.8426398657262325,3.8864,0.4039442539215088,5.699398797595191e-06,2451,0.5082,0.5608435481786728,24290,10569.825154248,1764982154.2692332
43737689.0,0.8369225360453129,3.888,0.4581506848335266,5.619238476953908e-06,2452,0.5239,0.5704803925007582,24300,10590.304164422,1764982174.748081
43823208.0,0.8527667634189129,3.8895999999999997,0.44280868768692017,5.5390781563126255e-06,2453,0.4974,0.5372946318238974,24310,10610.862202829,1764982195.3059995
43911415.0,0.8558123283088207,3.8912,0.5330451130867004,5.458917835671343e-06,2454,0.4456,0.5238238718360663,24320,10631.454750156,1764982215.8987513
44002205.0,0.8473823003470897,3.8928000000000003,0.5251898765563965,5.3787575150300606e-06,2455,0.5042,0.5492666937410832,24330,10651.86117349,1764982236.3052683
44102629.0,0.8449294172227383,3.8944,0.4076969623565674,5.298597194388777e-06,2456,0.5111,0.5387965496629477,24340,10672.66000282,1764982257.1039953
44190506.0,0.8622508622705937,3.896,0.3732540011405945,5.218436873747496e-06,2457,0.4485,0.4936073401942849,24350,10692.945997409,1764982277.3900225
44275001.0,0.8557143449783325,3.8975999999999997,0.350737988948822,5.138276553106212e-06,2458,0.4602,0.5234061181545258,24360,10713.132188591,1764982297.5760746
44366336.0,0.8507208988070488,3.8992,0.3851054012775421,5.05811623246493e-06,2459,0.4887,0.5346128743141889,24370,10733.673960619,1764982318.1180959
44459456.0,0.8574565298855304,3.9008000000000003,0.3689057528972626,4.9779559118236475e-06,2460,0.4648,0.5135962771251797,24380,10754.09475935,1764982338.538696
44550909.0,0.8303849034011364,3.9024,0.45909491181373596,4.897795591182365e-06,2461,0.5789,0.577831108495593,24390,10774.555626058,1764982358.9997215
44650119.0,0.8539657361805439,3.904,0.36133551597595215,4.817635270541082e-06,2462,0.4841,0.5301312431693077,24400,10795.176866606,1764982379.6208727
44741346.0,0.8500534117221832,3.9055999999999997,0.4336486756801605,4.7374749498998e-06,2463,0.5,0.5199560115113855,24410,10818.017436753,1764982402.4615872
44834318.0,0.8512126117944717,3.9072,0.3903799057006836,4.657314629258517e-06,2464,0.4867,0.5083736252039671,24420,10839.068586256,1764982423.512556
44922195.0,0.8479438506066799,3.9088000000000003,0.5244551301002502,4.5771543086172344e-06,2465,0.4953,0.5261703040450811,24430,10859.582456684,1764982444.026414
45017383.0,0.8512130036950112,3.9104,0.4134909510612488,4.496993987975952e-06,2466,0.4819,0.5328047929331661,24440,10880.302622525,1764982464.7466621
45102140.0,0.8451741643249988,3.912,0.4363130033016205,4.4168336673346695e-06,2467,0.4889,0.5474114779382944,24450,10900.523052952,1764982484.9670033
91227.0,0.8484682761132717,3.9055999999999997,0.46196994185447693,4.7374749498998e-06,2468,0.5127,0.5223307343199849,24410,19.144980813,1764983147.841965
184199.0,0.8510721929371357,3.9072,0.39379167556762695,4.657314629258517e-06,2469,0.488,0.5135886833071709,24420,37.206247692,1764983165.903544
272076.0,0.8474581122398377,3.9088000000000003,0.5265167951583862,4.5771543086172344e-06,2470,0.4953,0.527348505705595,24430,54.589346329,1764983183.286838
367264.0,0.851130024343729,3.9104,0.4116768538951874,4.496993987975952e-06,2471,0.4819,0.5329254427924752,24440,72.229021069,1764983200.9264529
452021.0,0.8450962960720062,3.912,0.43634849786758423,4.4168336673346695e-06,2472,0.489,0.5474575977772475,24450,89.759543833,1764983218.456159
543093.0,0.8528314121067524,3.9135999999999997,0.40356913208961487,4.336673346693387e-06,2473,0.4712,0.529440789297223,24460,107.575367424,1764983236.272697
634692.0,0.8478905014693737,3.9152,0.3307909667491913,4.256513026052105e-06,2474,0.5056,0.5235392056405545,24470,124.925278296,1764983253.6225052
733747.0,0.8316782586276531,3.9168,0.3633432686328888,4.176352705410822e-06,2475,0.5656,0.5790687281638384,24480,142.744883658,1764983271.4422593
823553.0,0.8458555519580842,3.9184,0.44520220160484314,4.096192384769539e-06,2476,0.5026,0.5565904457122087,24490,160.172373395,1764983288.8696024
911759.0,0.8568268962204456,3.92,0.4780201017856598,4.016032064128257e-06,2477,0.486,0.5118299457244575,24500,177.226365497,1764983305.9238048
1008036.0,0.8637890264391899,3.9215999999999998,0.3778061866760254,3.935871743486974e-06,2478,0.426,0.4896794201806188,24510,194.679332042,1764983323.3769429
1109760.0,0.8502499647438526,3.9232,0.4405187666416168,3.855711422845692e-06,2479,0.5058,0.5563192324712872,24520,212.350214964,1764983341.0477448
1203752.0,0.8560306958854198,3.9248,0.39006948471069336,3.7755511022044087e-06,2480,0.4832,0.541217934153974,24530,229.001958407,1764983357.699502
1299846.0,0.857712560147047,3.9264,0.3362807333469391,3.6953907815631267e-06,2481,0.5007,0.5381969928741455,24540,245.731756967,1764983374.429382
1389560.0,0.8524372570216656,3.928,0.42005953192710876,3.615230460921844e-06,2482,0.4718,0.5495198391377926,24550,262.930613161,1764983391.6282017
1482443.0,0.8674711741507053,3.9295999999999998,0.39240097999572754,3.5350701402805614e-06,2483,0.4301,0.4833702813833952,24560,280.386176567,1764983409.0837975
1572321.0,0.8663397073745728,3.9312,0.35254237055778503,3.4549098196392785e-06,2484,0.4268,0.5151258911937475,24570,297.024083141,1764983425.7217178
1656842.0,0.8576681211590766,3.9328,0.46067163348197937,3.3747494989979965e-06,2485,0.4411,0.5223117360845209,24580,313.568848898,1764983442.266409
1754032.0,0.8543023049831391,3.9344,0.3446967303752899,3.2945891783567136e-06,2486,0.4594,0.5393747283145786,24590,331.245066495,1764983459.9425247
1836741.0,0.855287603288889,3.936,0.4472534954547882,3.214428857715431e-06,2487,0.4719,0.5446666708216071,24600,348.164561388,1764983476.8620007
1929347.0,0.8581065133213996,3.9375999999999998,0.40527570247650146,3.1342685370741483e-06,2488,0.44,0.5285619456321001,24610,367.102228749,1764983495.7997177
2021460.0,0.8443901695311069,3.9392,0.5427582859992981,3.054108216432866e-06,2489,0.5292,0.5702677063643933,24620,385.012736686,1764983513.7068098
2110879.0,0.8623949207365513,3.9408,0.40255507826805115,2.9739478957915834e-06,2490,0.4659,0.5037944024428725,24630,402.316279587,1764983531.0138288
2210900.0,0.8564187474548817,3.9424,0.31605902314186096,2.893787575150301e-06,2491,0.4812,0.52918088324368,24640,419.818726949,1764983548.516224
2299551.0,0.851812356710434,3.944,0.3616771697998047,2.813627254509018e-06,2492,0.5144,0.5462099973112344,24650,436.547657694,1764983565.2452815
2396305.0,0.8499308951199055,3.9455999999999998,0.36991575360298157,2.7334669338677357e-06,2493,0.5154,0.545389623567462,24660,453.43597187,1764983582.1335547
2487980.0,0.8721436843276024,3.9472,0.33424630761146545,2.6533066132264532e-06,2494,0.4166,0.4884203178808093,24670,470.154417938,1764983598.8519762
2585163.0,0.8576624326407909,3.9488,0.3226090669631958,2.5731462925851704e-06,2495,0.4671,0.5309084665030241,24680,487.795639162,1764983616.4931757
2674960.0,0.8614126063883305,3.9504,0.40428996086120605,2.492985971943888e-06,2496,0.4489,0.4912479095160961,24690,504.875144453,1764983633.5726542
2764796.0,0.8647062122821808,3.952,0.4118478298187256,2.4128256513026055e-06,2497,0.4273,0.48463570382446053,24700,521.975098101,1764983650.6726193
2867592.0,0.8475752681493759,3.9536,0.3860693871974945,2.332665330661323e-06,2498,0.4985,0.5554463520646096,24710,540.083803977,1764983668.781225
2966169.0,0.8390514828264714,3.9552,0.5269656181335449,2.25250501002004e-06,2499,0.5248,0.5616908267140388,24720,558.591680186,1764983687.2891202
3065010.0,0.8555038064718247,3.9568,0.44844529032707214,2.1723446893787577e-06,2500,0.4766,0.5102698946371674,24730,576.164761477,1764983704.8622754
3156660.0,0.8572082802653312,3.9584,0.4242182970046997,2.0921843687374753e-06,2501,0.4819,0.4971686003729701,24740,593.106498397,1764983721.8039904
3248598.0,0.8645699560642243,3.96,0.37492242455482483,2.0120240480961924e-06,2502,0.4625,0.4848980255424976,24750,609.497256961,1764983738.1947825
3342598.0,0.850367546826601,3.9616,0.42983826994895935,1.93186372745491e-06,2503,0.5043,0.5477589443325996,24760,626.751439919,1764983755.4413629
3434294.0,0.8646013796329498,3.9632,0.3472272455692291,1.8517034068136273e-06,2504,0.4214,0.49853092320263387,24770,643.852966248,1764983772.549918
3527264.0,0.8533792868256569,3.9648,0.41206973791122437,1.7715430861723449e-06,2505,0.49,0.5322286292910576,24780,660.79805193,1764983789.4955368
3621787.0,0.8606050588190556,3.9664,0.38789841532707214,1.6913827655310622e-06,2506,0.4642,0.4927540777251124,24790,677.200931665,1764983805.89854
3718509.0,0.8538101226091385,3.968,0.43085214495658875,1.6112224448897795e-06,2507,0.4802,0.5123890971764922,24800,694.428002218,1764983823.1254818
3810313.0,0.8592715218663216,3.9696,0.38819846510887146,1.531062124248497e-06,2508,0.4606,0.5191461980342865,24810,712.00413962,1764983840.7016094
3902143.0,0.8731664128601551,3.9712,0.3841260075569153,1.4509018036072144e-06,2509,0.391,0.46899757236242295,24820,728.321303927,1764983857.018788
3996381.0,0.8662244349718093,3.9728,0.41516461968421936,1.3707414829659318e-06,2510,0.416,0.4918442819267511,24830,745.586192675,1764983874.2838168
4089442.0,0.8509278848767281,3.9744,0.4018719792366028,1.2905811623246493e-06,2511,0.4924,0.5379771251231432,24840,763.418680546,1764983892.1162965
4179899.0,0.8615183442831039,3.976,0.46070724725723267,1.2104208416833667e-06,2512,0.4616,0.5085592219606042,24850,781.001554146,1764983909.6987312
4285708.0,0.8562049090862274,3.9776,0.4437646269798279,1.1302605210420842e-06,2513,0.5095,0.5161797573789955,24860,799.253005184,1764983927.9504452
4385384.0,0.8640224874019623,3.9792,0.48497235774993896,1.0501002004008018e-06,2514,0.4392,0.49572511231526734,24870,816.881401454,1764983945.579047
4478452.0,0.8639306001365185,3.9808,0.5578652024269104,9.699398797595191e-07,2515,0.4492,0.5025430966168642,24880,833.488239004,1764983962.1858704
4574754.0,0.8484940357506275,3.9824,0.4831351339817047,8.897795591182366e-07,2516,0.5001,0.5363295929506421,24890,850.49469399,1764983979.19233
4663156.0,0.8609712585806847,3.984,0.4145422875881195,8.096192384769539e-07,2517,0.4623,0.49546045791357757,24900,867.120331982,1764983995.8179133
4758893.0,0.8540183901786804,3.9856,0.4274045526981354,7.294589178356714e-07,2518,0.4822,0.5148174846544862,24910,884.262631898,1764984012.9601808
4850428.0,0.8564280293881893,3.9872,0.4603745937347412,6.492985971943888e-07,2519,0.4646,0.5153841739520431,24920,901.235546265,1764984029.9329598
4948030.0,0.8546042598783969,3.9888,0.39039096236228943,5.691382765531063e-07,2520,0.4769,0.5207917848601937,24930,918.733632103,1764984047.4310706
5042813.0,0.8462318785488605,3.9904,0.5237972140312195,4.889779559118236e-07,2521,0.5278,0.5325926030054688,24940,936.003180348,1764984064.7006497
5133363.0,0.8455711536109447,3.992,0.3843502700328827,4.088176352705411e-07,2522,0.4965,0.5425301911309361,24950,952.758759829,1764984081.4562135
5223116.0,0.8531258970499038,3.9936,0.3752242922782898,3.2865731462925853e-07,2523,0.4828,0.5341521106660366,24960,969.38973522,1764984098.0872374
5309387.0,0.8611279487609863,3.9952,0.43026602268218994,2.48496993987976e-07,2524,0.4654,0.515036394353956,24970,986.316032317,1764984115.013473
5408260.0,0.8620064549148083,3.9968,0.3650279939174652,1.683366733466934e-07,2525,0.4488,0.49798496160656214,24980,1003.856132794,1764984132.553493
5500905.0,0.8606136582791806,3.9984,0.40411555767059326,8.817635270541083e-08,2526,0.4553,0.49346486758440733,24990,1020.76598197,1764984149.4634469
5599286.0,0.8755547359585762,4.0,0.3634467124938965,8.016032064128256e-09,2527,0.4125,0.47029607053846123,25000,1038.318764477,1764984167.0160496
,,4.0,,,2528,,,25000,1039.836290015,1764984168.5340033
